name,diameter,center_lon,center_lat
Blunck,66.485,323.1029663085,-27.2282409668
Martynov,61.13,323.5866394049,-30.3620910645
Vastitas Borealis,2002.91,32.5297548533,87.7297202859
Hephaestus Rup?s,1707.44,114.9027628533,23.5385416918
Australe Mensa,172,357.2400088952,-86.8762154071
Tenuis Cavus,51.5252,1.3882914977,84.7639112213
Gemini Scopuli,1000.36,26.0995858213,80.3880829255
Artik,5.359,130.9843597527,-34.8040008575
Planum Australe,1429.87,157.6980988774,-83.351784211
Koshoba,10.334,77.0034484855,22.9270935056
Gemina Lingula,772.891,2.5923918868,81.874385549
Meridiani Planum,1058.53,356.860057341,-0.0408747442
Ophir,0,295,-9.8849548622
Phison,0,40,19.7835659606
Acidalia Planitia,3362.97,339.2640268929,49.7556293145
Reutov,18.02,202.2897491459,-45.0734710694
Belyov,0.2,201.99,-45.02
Tyuratam,0.3,202.04,-45.04
Electris Mons,104.474,152.727812953,-45.6690297625
Eridania Mons,143.289,137.8648799724,-57.0204517585
Sirenum Mons,122.857,212.1508748277,-38.2150061577
Sirenum Tholus,53.895,215.2134888722,-34.6440791472
Thaumasia,0,275,-34.6828059174
New Bern,1.72692,310.8478007026,21.5334358064
Novara,86.982,349.3122103786,-24.8979410153
Perepelkin,77.4571,295.1681738068,52.4358041812
Port-Au-Prince,1.52217,311.8212664561,21.103339877
Portsmouth,1.49682,310.9281685337,22.5499339679
Rahe,34.4435,262.5213640071,25.054227811
Rayleigh,125.659,118.9443386786,-75.5714221978
San Juan,1.23197,311.9606748984,22.8729257498
Santa Cruz,1.35251,312.7358629306,21.2455398964
Savannah,1.34411,312.2219810175,22.0207040117
Sevel,7.3889,323.784675575,79.2135073944
Puyo,9.93574,137.260507759,83.9336739256
Tomari,5.29392,113.7817073248,19.9821030623
Tombe,5.99421,315.4527971845,-42.4046189567
Wilmington,1.34593,312.5255021505,21.6046271431
Tycho Brahe,105.274,146.1174942797,-49.4052314964
Yungay,19.6949,315.2467440422,-43.8669349429
Dilly,2.12529,157.2219629496,13.266203765
Crotone,6.27585,290.6889532799,82.2127476262
Ausonia,0,110,-39.667247531
Aeolis Mons,88.991,137.8452790265,-5.0834454625
Victoria,0.88418,354.5019627526,-2.0522583801
Tivoli,32.7976,100.9100021549,-14.3266837857
Endeavour,21.779,354.8045032807,-2.2836434862
Amazonis,0,220,0
Toro,41.3995,71.8150655311,17.0354
Charleston,1.96172,312.203161598,22.626294792
Galap,5.98696,192.9317484982,-37.6605484982
Saravan,46.8868,305.9804494439,-16.9288972494
Danielson,64.2973,352.9488271258,7.9739035629
Lipik,48.9511,111.6112644003,-38.4142079883
Sarh,50.267,345.423883997,-64.8456357325
Leighton,65.9447,57.7517,3.07955
Cross,66.5665,202.3087642614,-30.1962208644
Ausonia Montes,333.132,99.044367624,-25.4164675036
Doba,25.8886,119.6206137364,10.9175635792
Aonia Mons,27.069,272.083699682,-53.3301177899
Asimov,80.8218,4.9251691954,-46.9681304613
Neith Regio,0,88,37.6722827754
Pursat,17.5451,130.7574062588,-37.3592968706
Canillo,33.9251,116.4755441008,10.2279911798
Kamnik,10.3735,198.2104691864,-37.2058820284
Ehden,57.395,119.0088258767,8.229998948
Gasa,7.02522,129.3998210338,-35.717860979
Horowitz,64.9022,140.7531856173,-32.0599071646
Aonia Tholus,53.688,279.96003461,-59.0371586511
Kandi,8.2384,122.0970763906,-32.7457895069
Roseau,6.48632,150.5696639028,-41.6872452438
Yaren,9.19357,222.5513085988,-43.8830655071
Amenthes,0,110,4.9416054609
Colón,1.3621,312.9340346417,22.7491591767
Matara,48.8436,34.5933796609,-49.6102398304
Siton Undae,222.973,297.2802631357,75.5509285384
Kibuye,7.14469,181.8156369141,-29.1278851296
Cankuzo,48.4475,52.0341012082,-19.4217
Luqa,17.1358,131.8244966897,-18.2258655632
Oyama,100.778,339.888,23.5662
Robert Sharp,152.077,133.4229125977,-4.1665649414
Avarua,49.9887,109.6649108191,-35.9259540954
Aeolis Palus,111.628,137.4214728054,-4.465232345
Harris,81.5638,66.8073265661,-21.9046593965
Dowa,40.8407,110.2383479604,-31.6577089306
Fitzroy,38.1695,112.0589005743,-35.6865954055
Greg,68.1209,112.8932326105,-38.5938233981
Pál,71.214,108.7034297862,-31.3071022917
Milna,27.4752,347.7611942617,-23.4631
Vaduz,1.99921,15.7890195625,38.2366190563
Alitus,49.9992,321.8570814666,-34.9119516782
Annapolis,1.11386,312.2731508952,23.1644376418
Cantoura,51.5905,308.2838952502,14.8385724084
Cypress,14.6722,312.6471597534,-47.2804877523
Tana Vallis,56.512,332.1139526367,4.7776794434
Du Toit,81.816,310.4034854118,-71.6224664663
Aeria,0,50,9.8849548622
Aetheria,0,130,39.667247531
Aethiopis,0,130,9.8849548622
Eberswalde,62.1874,326.702935025,-23.9753136881
Evpatoriya,1.03859,134.3610156973,46.951832141
Gah,2.77879,327.3624347582,-44.6941438362
Nepenthes,0,100,19.7835659606
Goldstone,1.02684,134.5806104096,47.7685685214
Lucaya,34.212,51.9094390869,-11.55418396
Groves,10.2706,315.4491510775,-4.0634363006
Hamaguir,0.82098,132.5124542726,48.6785934607
Hs?anch'eng,1.9898,132.6887295711,46.720536968
Argyre,0,335,-44.6617680466
Inta,16.1202,334.8950165398,-24.355011099
Aeolis,0,145,-4.9416054609
Johannesburg,1.21646,133.1868329539,47.9217892388
Arcadia,0,260,44.6617680466
Kagoshima,1.31988,135.7292750166,47.3189049321
Kaliningrad,1.46765,134.9627890575,48.474447851
Kingston,1.51594,312.9643211299,22.1071440755
La Paz,1.3904,310.9704592981,21.049511185
Aurorae Sinus,0,310,-14.831742749
Liais,122.78,106.9293402374,-75.3044084798
Lisboa,1.16707,312.4149127029,21.2430387486
Manah,9.9021,326.3904656665,-4.6588874751
Kontum,22.2584,292.9298282796,-32.0362427599
Aonium Sinus,0,255,-44.6617680466
Arabia,0,30,19.7835659606
Lismore,9.34104,318.353406086,27.0423605652
Arnon,0,25,47.6634131825
Makhambet,15.8506,319.5265747447,28.4294248924
Martin,61.1064,290.7489832692,-21.344827098
Mazamba,52.295,290.327,-27.5319
Nakusp,7.25562,324.5531310143,24.731655169
Baltia,0,310,59.7062145443
Nereidum Fretum,0,305,-44.6617680466
Pebas,5.43336,359.0401506588,-2.5965142395
Ohara,9.36628,82.4846435033,4.9175886323
Gehon,0,360,14.831742749
Nicer Vallis,22.6023,201.8094983321,-6.9643079867
Sefadu,10.8409,325.0259090166,28.7381167386
Runanga,41.364,75.9597,-26.6425
Shardi,16.7066,344.6769273591,10.0465384975
Soffen,58.3065,140.8630112652,-23.7273025034
Boreosyrtis,0,70,54.6815224861
Taytay,18.1686,340.4026935655,7.3886874262
Cyclopia,0,130,-4.9416054609
Cydonia,0,360,39.667247531
Uzer,9.24102,358.2517408288,-1.2197857988
Woking,9.53315,82.9902978553,5.119753396
Xainza,23.9575,356.0635788484,0.7751584747
Yalgoo,17.3828,84.2294779944,4.9315466457
Candor,0,285,2.9648510864
Casius,0,100,39.667247531
Deltoton Sinus,0,55,-3.9532002595
Ceraunius,0,267,19.7835659606
Zarand,2.7804,358.5028463814,-3.4117114526
Chaman,47.9174,50.962778009,-60.8642315716
Cebrenia,0,150,49.6665646356
Cecropia,0,40,59.7062145443
Cerberus,0,155,14.831742749
Chalce,0,360,-49.6665646356
Dukhan,34.039,320.8583221438,7.7556610107
Eilat,29.7027,50.2024522694,-56.529831783
Chersonesus,0,100,-49.6665646356
Kolonga,41.089,305.0571306437,8.3208148577
Moroz,116.303,339.427,-23.7713
Chryse,0,330,9.8849548622
Chrysokeras,0,250,-49.6665646356
Henry Moore,65.4735,53.8953704449,-59.723517738
Pau,42.2015,59.3031028183,-55.4030025146
Claritas,0,250,-34.6828059174
Vernal,55.5082,355.5548386727,5.90295
Wynn-Williams,66.306,60.211417184,-55.0980434368
Electris,0,170,-44.6617680466
Louth,36.2879,103.2360719853,70.1882334813
Copais Palus,0,80,54.6815224861
Coprates,0,295,-14.831742749
Elysium,0,150,24.7418775031
Henbury,25.361,212.2735730756,-63.4945728964
Camichel,65.259,308.3903503418,2.2618103027
Laylá,19.358,107.1174900187,-61.1063299995
Lonar,11.0712,38.2889811626,72.9914062953
Maricourt,9.89876,288.8320076293,53.3382211975
Steinheim,11.2798,190.6498708521,54.5734507542
Depressio Hellespontica,0,20,-59.7062145443
Deucalionis Regio,0,20,-14.831742749
Deuteronilus,0,360,34.6828059174
Diacria,0,180,49.6665646356
Sinton,62.8048,31.732,40.7534
Jezero,47.5212,77.6873492713,18.4082
Dioscuria,0,40,49.6665646356
Miyamoto,145.206,353.0501129925,-2.86796
Liberta,25.105,304.5536499004,35.2262878416
Eunostos,0,240,21.7660364453
Euphrates,0,25,19.7835659606
Capen,68.9897,14.313,6.5806494272
Penticton,8.18748,96.7648228461,-38.3718157803
Hyperboreus (Lacus),0,300,74.8300135104
Coimbra,34.5343,354.6859823736,4.1764229495
Sibut,22.178,310.6490020773,9.6789550782
Kalocsa,34.1521,353.0508949405,6.9229635629
Edom,0,15,0
Mellit,22.5337,358.2658295287,7.12382
Naruko,4.16797,198.3001643845,-36.2353486923
Phedra,20.3136,123.8762032728,13.8371016364
Eridania,0,140,-44.6617680466
Tavua,31.5573,117.614,15.6233
Avire,6.85095,200.2440726746,-40.8205818314
Naryn,3.93861,123.2954791622,14.8890499504
Zaranj,27.4091,113.0542728416,12.0930364208
Niquero,10.6961,194.028563705,-38.7868334172
Triolet,12.1427,191.9765946277,-37.0864089719
Jamuna,0,320,9.8849548622
Corinto,13.6881,141.7071781566,16.9466593855
Thila,5.36932,155.5246700791,18.1099659842
Wiltz,1.264,159.2114242313,15.5392697108
Heimdal,10.4931,235.4393946526,68.3254473184
Bogia,37.677,83.2678,-44.3117
Okavango Valles,285.118,8.9664916992,38.0978393555
II Thyle I,0,180,-69.7815995654
Yat,7.4551,330.9699855826,18.1295975971
Yebra,4.84875,105.6876128574,20.7907342579
Yegros,13.9794,336.3354492247,-22.302938223
Yorktown,8.00736,311.3484621042,22.877013375
Yoro,9.61431,331.958187053,22.7991982607
Yuty,19.0569,325.9055613021,22.1589354883
Zutphen,38.287,174.318,-13.8527
Zhigou,21.8618,257.4129100747,-29.1016694803
Hellas,0,70,-39.667247531
Hellespontus,0,35,-49.6665646356
Zilair,46.9111,327.063,-31.8093
Zir,6.15667,323.4574863861,18.5449541222
Hesperia,0,120,-19.7835659606
Hiddekel,0,15,14.831742749
Zongo,46.8257,318.3079737113,-33.7555
Zuni,24.285,330.4243670404,19.2201048687
Zunil,10.2591,166.1879391841,7.7002308159
?mura,8.47072,334.7855608081,-25.3626652525
Iapygia (Iapigia),0,65,-19.7835659606
?ulanka,43.124,317.8398158184,-2.2711318768
Icaria,0,230,-39.667247531
Gratteri,7.55758,199.9422005623,-17.707086533
Juventae Fons,0,297,-4.9416054609
Tomini,7.76631,125.8784859923,16.2617958477
Zumba,2.92879,226.9260673359,-28.6685039413
Culter,4.87048,306.0660029823,-8.842798316
Gamboa,30.8228,315.6396390129,40.7650097532
Ismenius Lacus,0,30,39.667247531
Udzha,42.8651,77.3480326899,81.9222396684
Toconao,17.1599,285.3146304136,-20.8506
Winslow,1.08313,59.1554560316,-3.7396627595
Beloha,31.7363,56.7114,-39.575
Lemuria,0,160,69.7815995654
Saheki,82.4353,73.1353511264,-21.7415853023
Karzok,15.2932,228.2629029512,18.4035270924
Pangboche,10.1637,226.595873773,17.2783598671
Laestrygon (Laestrigon),0,160,0
Boola,17.2478,254.8058941001,81.2646736971
Jojutla,19.3152,190.1971725494,81.5891767192
Tombaugh,59.8432,161.9237028097,3.5580351845
Persbo,19.4948,156.8764194747,8.5652802626
Ada,2.08865,356.7757331734,-3.0604878002
Libya,0,90,0
Alamos,6.4352,322.8757640072,23.482815798
Lunae Palus,0,295,14.831742749
Beruri,45.1153,81.235359512,5.26562
Bopolu,18.8873,353.7026182484,-2.9629892357
Cefalù,5.52756,321.1115574758,23.6359637772
Chupadero,8.03734,83.4338715201,6.13280144
Mare Acidalium,0,330,44.6617680466
Mare Australe,0,350,-59.7062145443
Mare Boreum,0,180,59.7062145443
Mare Chronium,0,150,-57.6952097189
Mare Cimmerium,0,140,-19.7835659606
Mare Erythraeum,0,320,-24.7418775031
Mare Hadriacum,0,90,-39.667247531
Mare Serpentis,0,40,-29.7079437226
Mare Sirenum,0,205,-29.7079437226
Meroe,0,75,34.6828059174
Elorza,45.164,304.7914380494,-8.7591552641
Mare Tyrrhenum,0,105,-19.7835659606
Dulovo,17.3825,84.5588701069,3.6217155674
Margaritifer Sinus,0,335,-9.8849548622
Hashir,16.1508,85.0135835115,3.1912011349
Grindavik,11.7147,321.0102104747,25.3993
Niliacus Lacus,0,330,29.7079437226
Nilokeras,0,305,29.7079437226
Nilosyrtis,0,70,41.6638283093
Hargraves,60.2811,75.743610964,20.7371360943
Memnonia,0,210,-19.7835659606
Iazu,6.83197,354.82286502,-2.7051990783
Jörn,20.4701,76.4254294848,-27.189954103
Ulu,3.42815,107.318493392,22.4902987986
Moab,0,10,19.7835659606
Moeris Lacus,0,90,7.9072957011
Farim,3.917,139.281440726,-44.3126678439
Arsia Sulci,500,230.1879832083,-6.2852572298
Ulya,8.02446,111.6817442016,-17.9036
Umatac,17.1645,137.2566167272,42.5186
Urk,2.89142,111.421,23.1087078503
Utan,4.73481,113.8054663014,24.2395033552
Vaals,10.847,327.0263455671,-3.9644220618
Valga,15.6993,323.3586292121,-44.3187951313
Nectar,0,288,-27.7205145785
Valverde,34.9176,304.2379864351,20.0983135649
Noachis,0,30,-44.6617680466
Vaux,5.98948,327.2127412895,17.9554521654
Nix Olympica,0,230,19.7835659606
Verlaine,38.8361,64.1154779804,-9.2227873071
Very,114.813,182.974902706,-49.1689837638
Ogygis Regio,0,295,-44.6617680466
Viana,29.0342,104.811,19.1814
Olympia,0,160,79.8836713623
Vik,22.3228,296.0624617169,-36.0882940964
Vils,6.68053,348.3193286931,39.0379702582
Candor Chasma,810.609,289.2206523269,-6.5328328885
Vinogradov,209.658,322.257,-19.8271
Hadriaca Patera,66.0432,92.7922613092,-30.2001693818
Phaethontis,0,205,-49.6665646356
Vinogradsky,66.261,143.849,-56.1281
Ortygia,0,360,59.7062145443
Oxia Palus,0,342,7.9072957011
Oxus,0,348,19.7835659606
Virrat,50.6702,257.124,-30.7293
Vishniac,80.4654,84.1219448615,-76.518421483
Panchaia,0,160,59.7062145443
Pandorae Fretum,0,44,-24.7418775031
Vivero,27.1282,118.8321766709,48.971
Voeykov,75.4515,283.8613081325,-32.1139267219
Vogel,120.691,346.7167754902,-36.7738277103
Volgograd,1.59051,135.0275818317,48.0970376875
Vol'sk,8.45795,308.7599267446,22.9996168614
Phlegra,134,172.2,31.0005253007
Phoenicis Lacus,0,250,-11.8631652784
Von Kármán,90.2947,301.2979934292,-64.2677081908
Phrixi Regio,0,290,-39.667247531
Voo,2.12829,340.0073454114,-26.9406386521
Malea Planum,872.466,62.9429418414,-65.8214354893
Voza,2.7128,306.4719476838,23.3425156596
Promethei Sinus,0,80,-64.7399111316
Vätö,17.2382,306.31,-43.6086
Wabash,40.7055,326.3580127195,21.3595986227
Propontis,0,175,44.6617680466
Protei Regio,0,310,-22.7576885885
Protonilus,0,45,41.6638283093
Wahoo,63.0702,326.3184002515,23.2334333543
Pyrrhae Regio,0,322,-14.831742749
Wajir,11.8543,105.5446754941,-27.0244403953
Wallops,1.83984,132.7200142574,46.5894142574
Wallace,170.781,110.9028240545,-52.4812395042
Zea Dorsa,249.019,80.5394584706,-48.8707722255
Wallula,12.1293,305.6043311356,-9.922246751
Sinus Meridiani,0,360,-4.9416054609
Sinus Sabaeus,0,20,-7.9072957011
Warra,10.117,322.3677436924,20.7460527033
Waspam,41.6001,303.3728371839,20.4536976896
Wassamu,16.2967,306.7944663658,25.5741013454
Wau,6.7873,317.3862950795,-44.8636983598
Weert,9.49341,308.3067043786,19.7126627724
Wegener,68.5137,355.934,-64.2995
Weinbaum,82.0126,114.5712798784,-65.530082615
Wer,3.20551,353.811710651,45.6742285483
Wells,98.2797,122.403,-59.9353
Wicklow,21.5015,319.4696628673,-2.0141067385
Windfall,17.5501,316.6745919131,-2.085390221
Wien,115.138,139.750994218,-10.5720374591
Scandia,0,212.1,60.2091935719
Williams,123.203,195.86382839,-18.3865094633
Wink,10.1641,318.6576031381,-6.5144675066
Wirtz,120.261,334.1401309642,-48.2356305848
Woolgar,15.3099,274.5463942443,34.6571514389
Wislicenus,140.151,11.386692711,-18.1651185422
Syria,0,260,-19.7835659606
Syrtis Major,0,70,9.8849548622
Woomera,2.26037,132.616835894,48.0655785551
Worcester,24.0478,309.6252783637,26.6126
Sinai,0,290,-19.7835659606
Xui,3.15198,112.625956956,15.0867565744
Wright,113.777,208.9873746051,-58.512750158
Wukari,38.215,257.2036620809,-31.8052458372
Sithonius Lacus,0,115,44.6617680466
Yakima,12.5263,356.8475919237,43.0339342158
Solis Lacus,0,270,-27.7205145785
Yala,19.6515,321.4220833857,17.3660166143
Yalata,4.73669,106.1658712474,21.812770363
Yar,6.1817,320.8525080204,22.2687160408
Styx,0,160,29.7079437226
Tara,32.9393,307.1624837804,-44.0131981978
Tarakan,39.3136,329.5589639891,-41.2060382371
Tarata,12.2727,318.7760048722,-3.7802067246
Tanais,0,290,49.6665646356
Tarma,8.99706,109.8549201709,16.5380521025
Uchronia,0,100,69.7815995654
Tarsus,18.549,319.7372812518,23.1177593741
Taxco,17.3597,319.8674981978,20.6660018022
Taza,24.2843,314.704,-43.5746
Tempe,0,290,39.667247531
Tharsis,0,260,0
Thoth,0,105,29.7079437226
Thymiamata,0,350,9.8849548622
Tecolote,47.9311,253.162852921,-24.5492705842
Teisserenc de Bort,114.888,45.0726,0.433474
Tithonius Lacus,0,275,-4.9416054609
Tejn,3.77253,106.4219244611,15.3879417244
Tractus Albus,0,280,29.7079437226
Trinacria,0,92,-24.7418775031
Trivium Charontis,0,162,19.7835659606
Telz,3.18767,111.1196856182,21.1594595322
Tem',5.87519,350.5464383091,41.9074365258
Tepko,3.97697,103.5109009669,15.2090648635
Terby,171.497,74.1408,-27.9614
Thermia,2.75635,109.1738778854,19.6673100788
Umbra,0,70,49.6665646356
Thira,21.8427,175.9772865476,-14.4742048918
Thom,22.0623,92.3491282766,-41.1100113106
Utopia,0,110,49.6665646356
Thule,13.0749,334.276,-23.3724
Tibrikot,59.082,305.1292348971,12.5580348971
Tignish,20.9758,87.0406113335,-30.7358
Tikhonravov,343.701,35.9266,13.2777
Tikhov,110.07,105.797,-50.6817
Vulcani Pelagus,0,345,-34.6828059174
Tile,8.47108,331.3784798471,17.7261758467
Tokko,2.69686,109.5186792117,22.5469304443
Timaru,18.4037,337.6629543503,-25.2674735053
Timbuktu,65.6828,322.476,-5.56037
Timoshenko,86.1134,295.9973905074,41.7629395784
Tiwi,21.1504,335.2384298157,-27.5628509216
Xanthe,0,310,9.8849548622
Tokma,3.27591,108.5661227473,21.3106
Tolon,2.6381,104.9784906517,18.2250303882
Yaonis Regio,0,40,-39.667247531
Tooting,27.8574,207.7612945474,23.2070166429
Torbay,6.33426,114.0808923731,17.8737616995
Torsö,15.3023,308.8202491385,-44.2856111905
Zephyria,0,165,0
Trud,2.43656,328.4091129522,17.6818870478
Torup,42.7232,97.8089051205,-27.8894051205
Trinidad,27.9072,109.0542655214,-23.3818734479
Troika,13.4265,105.1399135451,16.8324567725
Trouvelot,148.775,347.0186075347,16.0946153621
Troy,9.59466,307.3848649019,23.1698874183
Promethei Mons,65.1711,87.4432804513,-70.5729714315
Trumpler,75.351,209.2883211054,-61.434157091
Aspen,18.4839,336.850975971,-21.3855036043
Tsau,6.612,121.0555225919,49.4924
Tsukuba,1.85724,133.9976176051,48.5826707438
Tuapi,4.47544,104.3380082474,16.9826682083
Tumul,8.67824,104.6106265329,14.7073058967
Tugaske,30.8927,258.8878081531,-31.7824237062
Aveiro,9.10675,281.0290291688,21.2812476358
Angu,2.07961,105.6367666741,20.0126305416
Bazas,16.4276,93.3808017362,-27.7767508681
Albany,2.14762,310.9804023173,22.9619166929
Tungla,16.6095,89.6398260621,-40.7678275418
Tura,14.8119,338.0247901195,-26.6324572401
Aban,4.2807,111.101323392,15.9069342004
Achar,5.36161,123.1614801761,45.430870044
Adams,90.2158,163.1,30.9137
Agassiz,108.767,271.1145425122,-69.8825990097
Becquerel,165.231,352.057,21.8922
Ajon,8.08362,103.1429012129,16.4913086658
Aki,7.87497,299.7558222723,-35.4642623777
Aktaj,5.00537,313.510587765,20.4111731764
Albi,9.06697,324.9923587734,-41.4747236798
Alexey Tolstoy,93.0376,125.3387403321,-47.4389
Alga,18.7152,333.3229879855,-24.3414211511
Amsterdam,1.65944,312.997098546,23.0028563116
Aniak,50.9684,290.4371733592,-31.8377831224
Antoniadi,400.95,60.8311,21.3819
Apia,10.0603,89.0150236043,-37.2829838516
Apt,9.57332,350.5300904666,39.8803939148
Arago,152.353,29.9262192232,10.2212
Arandas,24.7612,344.9728221292,42.4061212769
Argas,3.55096,309.8316104272,23.3285523534
Arica,15.7728,110.2379653057,-23.8006
Arkhangelsky,116.829,335.2120298441,-41.0876
Arrhenius,122.723,122.7059463846,-40.0417752992
Arta,3.96296,305.7134490447,21.3830134822
Ayacucho,2.58812,267.9741844994,38.1818748717
Ayr,12.74,91.5814,-38.9832
Azul,19.5319,317.4853873219,-42.0710502375
Azusa,39.2546,319.6783689057,-5.4811288489
Babakin,76.664,288.555,-36.0048
Bacht,7.86256,102.698,18.6561090057
Bacolor,21.5776,118.5995530193,32.993659763
Bada,2.52349,309.3108232112,20.3483894495
Bahn,11.9284,316.6814456203,-3.4962898742
Bak,3.13172,103.7848871533,18.049262778
Bakhuysen,152.899,15.7278057838,-22.972949036
Balboa,21.947,326.1228756115,-3.8215184812
Baldet,181.306,65.4819,22.762
Balta,17.2816,333.4502548199,-23.8181725901
Baltisk,50.7521,305.3402608271,-42.2678304136
Balvicar,20.3502,306.7614745291,16.2024338359
Bamba,22.5665,318.4113275848,-3.3625340582
Bamberg,55.7026,356.9000838541,39.7072331846
Banff,5.00466,329.2922836547,17.5097418273
Banh,14.3955,304.5026644299,19.417
Bar,2.056,340.5038460437,-25.246754803
Barabashov,120.665,291.248495477,47.3251830821
Barnard,121.106,61.5893940489,-61.062865406
Baro,16.9327,110.6981068567,-24.8030108569
Barsukov,68.4496,330.9842394873,7.97267
Basin,15.5268,106.999771384,17.8175239508
Batoka,14.9577,323.3471555442,-7.552944443
Bato?,17.3286,330.500672887,21.5038126488
Baykonyr,3.89929,132.6789231188,46.4099142574
Beer,85.4969,351.831,-14.4723
Canaveral,3.17912,135.8306917165,46.8295639055
Airy,43.0496,0.0540315418,-5.1356577645
Beltra,7.17406,102.4041339368,18.0113665158
Belz,10.2102,316.772027347,21.5742027347
Bend,3.70087,332.2648895466,-22.4017998697
Bentham,11.3636,319.4471203481,-55.7793441391
Bentong,10.3209,340.9567710394,-22.308293867
Bernard,128.1,205.7946709849,-23.243934197
Berseba,36.8303,322.3980427451,-4.3958586275
Bhor,5.72596,134.5280727581,41.747442414
Bianchini,70.7138,264.71,-63.8528
Bigbee,20.8564,325.249276446,-24.777861777
Bira,2.70087,314.4590897035,25.0969551482
Bise,9.20796,303.1679796527,20.2243516956
Bison,15.277,330.8519212769,-26.3050314892
Bjerknes,88.6392,171.4830503092,-43.0125563594
Bland,6.62964,108.7558771573,18.2951685282
Bled,7.69348,328.5436189733,21.5847475893
Blitta,12.9543,339.0415018022,-25.8951981978
Blois,11.5837,304.1511493387,23.5952092806
Bluff,6.74511,110.0295864087,23.4659917306
Boeddicker,107.118,162.4873336266,-14.8216331867
Bogra,21.3087,331.1953669853,-24.1641883578
Bok,7.33889,328.3966055983,20.5796015995
Bole,8.5387,306.0053556313,25.3544012849
Bombala,37.1427,106.134,-27.6021
Bor,4.27507,326.3175100747,18.1681740862
Bond,104.692,324.0605961441,-32.7946
Bonestell,40.6723,329.6071047255,41.9978682418
Bordeaux,2.00612,311.1077904163,23.1326976827
Boru,10.873,332.1294776685,-24.343128002
Turbi,30.588,308.5456577845,-40.6221368862
Bouguer,107.784,27.2666211603,-18.4611391123
Boulia,9.99138,111.3188831427,-22.8855277142
Bozkir,79.8927,327.8209338753,-44.1383786456
Brashear,77.4451,240.972,-53.8149
Bremerhaven,2.68794,311.358,23.6980179464
Briault,93.0575,89.6824,-9.9784322789
Bridgetown,1.57228,312.9213986688,21.8959006656
Bristol,2.99923,313.0679476705,22.0904006656
Broach,11.3075,303.1055042713,23.5139521357
Bronkhorst,17.7472,304.7941163912,-10.703551589
Brush,6.48758,111.3383589568,21.7000586461
Bulhar,18.2364,134.5187233976,50.3580307336
Bunge,70.8332,311.408,-33.8171
Burroughs,112.687,117.0992138035,-72.2898380299
Burton,119.265,203.669,-13.8805
Buta,11.2733,327.5880519886,-23.2487055043
Butte,12.546,321.0857767157,-5.0826539706
Byrd,123.274,127.83,-65.2216
Byske,12.5617,326.0483932744,-4.9730879825
Cairns,8.73451,312.5427347429,23.5647061028
Calahorra,34.2213,321.3490403721,26.4567616816
Calamar,7.21364,305.1267593419,18.2749398355
Calbe,13.1433,331.1270691115,-25.1365036672
Camargo,4.77235,109.6417580321,17.6992590104
Camiling,21.9103,322.0011617412,-0.7139032188
Camiri,31.364,317.828,-44.6547
Campbell,125.26,165.581,-54.2541
Campos,8.24718,332.1858128039,-21.7980829282
Can,8.61956,345.4148585587,48.2065417558
Canberra,3.09921,132.6619816982,47.2032022877
Cangwu,13.6385,270.4086546324,41.8455605964
Canso,26.4163,299.3796332489,21.3641335021
Cartago,36.5704,342.0276268092,-23.2527
Cassini,408.231,32.1103,23.3513
Castril,2.19394,175.3001969998,-14.6992168573
Cave,8.19703,324.3609416491,21.6143239415
Caxias,25.8817,259.3194652296,-28.9542550765
Cañas,41.5236,89.8581180846,-31.1875236169
Cerulli,114.28,22.1161,32.2019
Chafe,4.66744,102.4097990671,15.1013060323
Chamberlin,120.246,235.7088588472,-65.8440882109
Changs?ng,33.5428,302.6605042713,23.4703606783
Chapais,36.6694,339.446,-22.3457
Charlier,106.277,191.5322052384,-68.560601647
Charlieu,18.6281,276.0128329422,38.1544402941
Chatturat,7.83956,265.0567459759,35.38010595
Chauk,9.96846,304.0905477186,23.3531769418
Cheb,8.27601,340.5567281561,-24.1961564665
Chefu,11.2739,112.24162489,-22.91217511
Chekalin,87.7847,333.1914622378,-24.2753001725
Chia,91.9089,300.3470320788,1.5710071685
Chimbote,62.8607,320.3170708141,-1.4233145929
Chincoteague,34.0309,124.116336044,41.204531978
Chinju,65.7091,317.8566852226,-4.5162397938
Chinook,18.1026,304.5410132841,22.5022265682
Chive,9.09655,303.986693,21.6819408571
Choctaw,23.9594,322.7574146689,-41.1856455575
Chom,5.57971,357.4849482683,38.5741
Chur,4.39172,330.6942692373,16.9344394244
Circle,11.7961,334.4745052538,-22.1717058035
Clova,7.75351,307.9548528266,21.4658625524
Clark,97.5033,226.7960344083,-55.1437049155
Clogh,11.204,312.332027347,20.5632835918
Cluny,14.8414,332.6978235052,-23.8646103092
Cobalt,10.528,332.9666202092,-25.7877528079
Coblentz,101.754,269.6919234839,-54.8999007721
Cobres,93.7633,206.402,-11.6966
Columbus,112.601,194.0179491855,-29.2932739805
Comas Sola,120.235,201.488,-19.59
Conches,20.8856,325.7972370731,-4.2236785366
Concord,20.46,325.9796328165,16.5251296871
Cooma,17.851,251.6500609386,-23.6860207407
Copernicus,301.831,191.172,-48.8446
Corby,6.61873,137.5614625454,42.8755458182
Cost,11.0652,104.0197420856,14.9786806952
Cray,6.98273,343.88192512,44.0957832533
Creel,9.18945,321.1483677819,-6.0472924286
Crewe,3.68083,340.473131022,-24.8408686786
Crivitz,6.19458,174.7889590308,-14.5506602423
Crommelin,110.083,349.863,5.07761
Cruls,87.8922,163.0256446401,-42.9125132159
Cruz,5.32607,358.0336968806,38.4633908271
Cue,10.5417,93.2284022922,-35.8353755731
Curie,111.106,355.2491991802,28.783160164
Cádiz,1.37809,310.972118919,23.1463817746
Da Vinci,96.3037,320.7352865526,1.466799236
Daan,12.2238,91.5779939928,-40.4763963957
Daet,10.5751,318.2041514788,-7.2879427818
Daly,79.7175,336.8833298997,-66.2945113624
Dana,88.492,327.205939415,-72.4923386629
Dank,8.28639,106.9971998368,21.9559827667
Darvel,22.3618,308.9898502552,17.7830312819
Darwin,176.384,340.8489346314,-56.9705595125
Dawes,185.322,38.0584,-9.1062
de Vaucouleurs,302.265,170.9960634015,-13.3126688192
Deba,8.79808,342.7001346186,-23.9548562447
Dein,25.5213,357.4865038198,38.207599236
Dejnev,152.094,195.359,-25.1367
Delta,7.88912,320.826582785,-45.9600942617
Denning,159.715,33.5247062588,-17.4277
Dersu,5.88356,308.1100777559,22.6356383366
Dese,13.1416,329.3869747512,-45.4121551516
Deseado,26.997,70.2875991465,-80.6237460267
Dessau,9.95047,306.8743038516,-42.7595918882
Dia-Cau,29.469,317.3352247394,-0.3630109651
Dingo,15.5586,342.5062620286,-23.705723554
Dinorwic,51.3296,258.5365673093,-30.0327384745
Dison,20.6655,343.4986690951,-25.0322300823
Dixie,28.4443,304.0856644299,17.7768355701
Dokka,51.1001,214.2445434305,77.1712867012
Dokuchaev,74.7362,232.9154549079,-60.6238909816
Doon,3.79045,109.5077452221,23.5298794713
Douglass,92.9502,289.464,-51.3446
Downe,28.1293,175.783,-15.9775
Dromore,14.747,310.4176209727,19.8800389162
Du Martheray,96.1162,93.5809,5.45432
Dubki,9.18832,304.7991555989,-34.9686970866
Dunhuang,11.7325,311.4723394158,-80.8395853273
Dush,2.39172,305.9817910907,22.4942477214
Dzeng,10.8786,289.5273639181,-80.5075541645
Eads,2.74141,330.0907215867,-28.4833440032
Eagle,12.502,351.8346671562,43.8084485071
Echt,2.14874,331.8126297321,-21.9728909392
Edam,19.489,339.9613491618,-26.2807338921
Eddie,86.3772,142.1958017647,12.3238254319
Eger,12.2548,308.132,-48.2946
Eil,5.55839,350.2577959929,41.7285682629
Ejriksson,46.6304,186.1742785395,-19.2007869101
Elath,13.2333,346.3965068341,45.8723190775
Elim,43.6256,96.7983550038,-80.1703222378
Ellsley,10.9369,276.6956791004,36.2885
Ely,10.4332,332.7009453672,-23.6166911276
Escalante,75.2591,115.3922693409,0.193143951
Escorial,22.2356,304.9604751561,76.8939627565
Esk,3.66723,352.9774876872,45.2078068968
Espino,12.0463,110.3361037084,-19.6903792583
Eudoxus,98.5112,212.7772870537,-44.5170855068
Faith,5.30253,348.1713317794,42.9237974868
Falun,10.007,335.329624305,-23.959375139
Faqu,12.2518,106.3423016342,-24.5419290384
Fastov,11.1185,339.6258235052,-25.0411323711
Fenagh,6.21521,144.3669623703,34.2903783236
Fesenkov,87.38,273.474,21.664
Flammarion,173.7,48.2764,25.2209
Flat,3.03657,340.4528460437,-25.4189878541
Flaugergues,236.063,19.2218,-16.7988
Floq,2.55007,107.1593876914,14.9410796938
Flora,18.3097,308.55,-44.6656
Focas,72.0233,12.7511,33.5642
Fontana,80.0621,287.8815013293,-62.9087915559
Foros,24.5439,332.1292440764,-33.3965923011
Fournier,114.276,72.6377776241,-4.29939
Freedom,12.7403,351.0193208695,43.3599263455
Funchal,1.61615,310.5609746105,22.9801770721
Gaan,3.00918,356.595750022,38.6597362122
Gagra,13.4084,337.8972668344,-20.6358666457
Galdakao,33.4356,176.628,-13.3389
Gale,154.084,137.811,-5.3672
Gali,25.8649,322.8112381125,-43.7477428675
Galilaei,137.172,333.091,5.72116
Galle,223.528,329.0006608819,-50.6286240384
Galu,13.5683,338.3308365466,-22.0761653814
Gander,36.0805,94.2212908634,-31.2573454317
Gandu,9.48857,312.719510476,-45.3763
Gandzani,51.9134,269.1692512978,34.2385337573
Gardo,15.5252,335.2278545683,-26.6652090109
Gari,9.42558,288.7735158245,-35.8769806959
Garm,4.80176,350.9387048892,48.253069969
Gastre,7.09758,112.525990003,24.6070154937
Gilbert,121.34,86.0822716161,-67.9989718888
Gill,83.1704,5.5470927854,15.7631
Glazov,22.0159,333.4100106634,-20.6202989337
Gledhill,78.4697,87.1016767792,-53.1744177007
Glendore,8.22899,308.3335613021,18.3370064497
Glide,9.84961,316.8213080074,-8.1307659468
Globe,50.7406,332.648,-23.6848
Goba,10.8973,338.9886182929,-23.2226078569
Goff,7.95427,104.8578957118,23.2602464265
Gol,9.53234,349.3595775457,47.1526876414
Gold,8.90602,328.7574063981,20.0268960012
Golden,19.5915,326.5133110017,-22.0067408319
Gori,6.4329,331.1710334146,-22.9454665854
Graff,154.492,153.8080709456,-21.1805511331
Green,182.071,351.456,-52.3007
Grójec,37.315,329.1564037322,-21.4701018661
Guaymas,20.1157,314.9665790971,25.6640306628
Guir,18.2015,339.4967980882,-21.5366
Gulch,8.32425,109.021,15.8452
Gunnison,39.5735,102.9175219405,-43.6694219405
Gusev,158.125,175.5243729339,-14.5308082645
Gwash,4.7479,356.8390137254,38.9606010338
Hadley,115.458,156.973,-19.2625
Haldane,76.7454,129.2576262226,-52.7450721272
Hale,137.311,323.6384282124,-35.68789024
Halley,83.7182,300.733,-48.3415
Ham,1.59159,327.5034328145,-44.6734328145
Hamelin,9.74039,327.2480039988,20.2523039988
Handlová,4.38985,271.4142088774,37.6850892374
Harad?,8.06232,331.9935441008,-27.4554191294
Hartwig,99.3324,344.137,-38.6588
Heaviside,83.284,264.784,-70.5042
Hope,7.2649,349.703759996,44.8354338457
Heinlein,85.3425,116.3095713745,-64.481487261
Helmholtz,111.257,338.727,-45.3974
Henry,167.569,23.4465,10.7899
Herculaneum,34.7124,301.3458388796,19.3068373029
Herschel,297.918,129.893,-14.48
Hipparchus,94.8127,208.7951495837,-44.4523356548
Holden,152.665,325.981,-26.04
Holmes,114.06,66.5497,-74.8552
Honda,9.26089,343.6049411684,-22.3975764491
Hooke,137.654,315.604,-44.9207
Houston,1.9827,135.9470783572,48.2256348675
Huancayo,24.344,320.2341334172,-3.6372765199
Huggins,82.6398,155.844,-49.0361
Hussey,99.7108,233.4142471677,-53.3180228861
Hutton,91.7415,104.6002003489,-71.6348707826
Huxley,106.523,100.77,-62.6737131062
Huygens,467.254,55.5817,-13.8819
H?t,7.09089,138.3490893285,47.0588071143
Ibragimov,86.7662,300.43,-25.4316
Igal,8.8267,110.8969265243,-20.0914585027
Ikej,4.51103,112.5007231598,20.9554434276
Imgr,3.42117,111.1836199267,19.1232563187
Innsbruck,59.0023,320.0363689057,-6.3905863019
Ins,2.77687,108.8998887327,24.4880391899
Inuvik,20.5234,331.6816448683,78.587680134
Irbit,12.7284,335.0862272374,-24.3430727397
Irharen,6.48491,140.822,34.490377746
Isil,77.1232,87.9329,-27.0173
Izendy,22.2563,258.5617753827,-28.8825203062
Jal,4.80794,331.2365612075,-26.2494881496
Jama,2.90409,306.8199470769,21.3945872462
Jampur,27.8955,278.4506637679,38.7141672464
Janssen,153.633,37.6093612868,2.69283
Jarry-Desloges,93.3624,83.8533,-9.37489
Jeans,73.6028,154.1818604241,-69.6377245354
Jen,8.88058,349.4256817444,39.8833756592
Jez?a,9.22147,322.078259912,-48.420176652
Jijiga,16.1566,306.0476592519,25.1072735751
Jodrell,3.02106,132.3040518535,47.4689462958
Johnstown,3.36266,308.9343827286,-9.8040601928
Joly,76.9931,317.3143709344,-74.5005640643
Jones,90.1079,340.1749306022,-18.8840138796
Jumla,49.2282,86.4411,-21.2928
Kachug,4.857,107.5887128505,18.149339773
Kagul,9.1323,340.9728747067,-23.733523823
Kaiser,201.669,19.1086047056,-46.1939931887
Kaj,1.82651,330.613849832,-27.04506159
Kakori,28.0878,330.147919998,-41.4901
Kamativi,58.8103,99.9934,-20.5037
Kamloops,63.9622,327.3950889635,-53.4511138796
Kampot,13.2341,314.4076586444,-41.7830055114
Kanab,14.5457,340.9967167228,-27.2012811714
Kansk,33.3512,342.734125007,-20.5244673093
Kantang,52.4369,342.423989187,-24.4406144174
Karpinsk,28.843,327.8499334403,-45.5731334403
Karshi,21.5188,340.6796390129,-23.2775309049
Kartabo,19.411,307.5433598317,-40.8486229533
Kasabi,41.0914,89.0588178366,-27.7715
Kashira,65.7974,341.69326108,-27.0870129733
Kasimov,87.1818,337.0602004875,-24.63
Kasra,3.45703,103.6315688514,21.9756016224
Katoomba,51.2357,127.8089587192,-79.0109287494
Kaup,3.20592,326.8364704451,22.6349
Kaw,10.7175,104.2818927468,16.4016450052
Kayne,33.8218,173.5596027537,-15.4950958694
Keeler,90.1903,208.7554192581,-60.6918385163
Kem',3.62332,327.0335187952,-44.9362016728
Kepler,228.235,140.9798132384,-46.6938462196
Keul',5.80569,122.2254310183,45.9886
Khanpur,2.67927,102.002615805,20.7293897701
Kholm,11.0787,317.9951262323,-7.2073750708
Khurli,8.7809,112.9582880389,-20.9442559806
Kifr?,13.8925,305.6916262226,-45.6391757335
Kimry,20.6435,343.6766875106,-20.1433
Kin,8.0968,326.6184063981,20.1996007998
Kinda,14.0415,254.8488401509,-25.688012741
Kinkora,51.0877,112.876,-24.9490273623
Kipini,67.2571,328.4354113378,25.8582293813
Kirs,3.46108,340.5565006031,-26.3053865203
Kirsanov,15.0779,334.8782105301,-22.2010582984
Kisambo,15.2234,271.078367067,34.0746592274
Kita,10.7156,342.816898689,-22.7794731942
Knobel,123.308,133.31,-6.5739
Koga,19.1721,256.2407101949,-28.9622745809
Kok,6.13487,331.9323572061,15.6470778022
Kong,11.6639,321.429008446,-5.361654662
Korolev,81.3688,164.5840165483,72.7677115314
Korph,7.33125,105.4506108473,19.3423
Kourou,1.84392,132.7821789372,46.7306837492
Koval'sky,296.666,218.4590519324,-29.5601195225
Koy,7.11812,309.5931957201,21.4655726514
Krasnoye,6.54565,143.8381834963,35.8533917482
Kribi,13.1805,316.488493392,-42.996423348
Krishtofovich,111.089,97.3443407608,-48.0864306457
Kuba,26.588,340.360045197,-25.3115782481
Kufra,37.4821,120.301,40.357
Kuiper,81.7805,202.8654029071,-56.9935611726
Kular,8.47558,108.1425778765,16.3930701339
Kumak,13.5032,291.9319819783,-35.4736981978
Kumara,11.8662,128.5559952885,43.0317009423
Kunes,15.1299,107.9379161534,-25.2383684615
Kunowsky,66.2937,350.356693436,56.823161776
Kushva,37.5487,324.488,-43.9587
K?id,7.67203,315.2999517843,-4.4645324347
Labria,52.6406,311.9278017651,-34.9352568289
Lachute,15.1471,320.2431909048,-4.2668669179
Laf,2.85898,354.0974181408,48.0118058664
Lagarto,19.7933,351.7084445129,49.8637791345
Lamas,22.9869,339.3617782481,-26.9948108759
Lambert,92.5278,25.3869103836,-19.9694282167
Lamont,76.617,246.4573458332,-58.1739098912
Lampland,76.778,280.480963085,-35.5418876922
Land,5.19821,351.2831579748,48.2592930846
Lapri,3.01295,107.4881639248,20.3220324077
Lar,6.85029,330.8959721285,-25.8309028134
Lassell,85.5982,297.5425420789,-20.6079579211
Leuk,3.44299,304.9869343118,23.908
Lasswitz,108.035,138.306,-9.31141
Lau,106.916,252.5245774379,-74.3031509156
Le Verrier,137.55,17.0951414151,-37.7129458936
Lebu,19.3373,340.5323539676,-20.2906690486
Leleque,8.42679,138.167394467,36.4609572456
Lexington,5.16716,311.3664766845,21.8098778036
Lemgo,15.7322,325.214,-42.5021
Lenya,14.9577,253.2003769188,-26.719
Li Fan,105.584,206.9389986959,-46.8808
Thyles Rupes,548.754,132.2839342951,-69.3239042103
Argyre Rupes,335.423,291.2461948691,-62.1535577438
Libertad,31.1897,330.5937532086,23.0590941511
Linpu,18.1604,113.2067935006,18.1420010832
Lins,6.17278,330.199563705,15.7589455575
Littleton,7.34656,107.1424151175,15.699312373
Liu Hsin,134.506,188.4472050709,-53.1973
Livny,9.29328,330.8811604083,-27.1614839592
Llanesco,29.4025,258.8876063378,-28.1816070811
Locana,6.64102,321.9120610683,-3.3911661557
Lockyer,71.3515,160.5104050573,27.8428
Lod,7.5986,328.4614023993,20.9838984005
Lodwar,15.0098,316.6829658925,-55.0920978683
Lohse,151.012,343.3124021857,-43.2360116314
Loja,9.8981,136.2131391754,41.2208010593
Lomela,11.1636,303.8070782506,-81.6501296967
Lomonosov,130.533,350.765,65.0406
Longa,10.9729,334.0588074644,-20.6672946683
Loon,7.70648,113.4508024444,-18.8401348628
Lorica,58.4852,331.6662394301,-19.8284
Los,8.05425,283.7717391738,-35.0773413039
Lota,14.6831,348.1993725238,46.3163024084
Loto,22.1376,337.5613061959,-21.8833612392
Lowbury,17.1834,267.0754081249,42.4134101561
Lowell,202.22,278.4956451123,-51.9578737353
Luck,7.7529,323.0928131597,17.262036007
Luga,44.5609,312.5831475719,-44.2491478955
Luki,20.8017,322.6322205504,-29.5337411008
Lutsk,4.85405,356.912750022,38.6998465586
Luzin,101.044,31.2821,27.0622
Lydda,33.8306,328.048363436,24.422663436
Lyell,121.833,344.528,-69.9068
Lyot,221.531,29.3413,50.4671
Madrid,3.79977,135.4356234263,48.4497457995
Mafra,13.3485,306.8504981978,-44.0192054065
Magadi,50.7862,313.9306579038,-34.5189895188
Magelhaens,103.799,185.4215721406,-32.3566361485
Maggini,139.064,9.49965943,27.78179943
Mago,2.73928,105.3582788489,15.9248557698
Maidstone,9.38643,305.7777794496,-41.5589411008
Main,110.993,49.0091201995,-76.5411421964
Mandora,55.942,306.3731297609,12.2215702391
Manti,15.6424,322.4273321921,-3.578335088
Manz?,7.5181,332.5291274099,-22.1466725901
Maraldi,118.24,328.0436326177,-61.918910157
Marbach,24.743,111.034,17.6469
Marca,78.3514,201.8508932542,-9.9803634915
Mari,37.0479,314.1158747067,-52.0115
Mariner,156.576,195.765,-34.6817
Marth,96.6872,356.5528695369,12.9366189961
Martz,92.7446,144.1769362574,-34.9147940678
N. Mareotis Tholus,3.57876,273.7936603586,36.3799441107
Masursky,115.342,327.695,12.0673
Maunder,90.8446,1.75139,-49.6039
Pavonis Chasma,45.9418,248.9760363965,2.7336437575
McLaughlin,90.9204,337.633,21.8966
Medrissa,19.5247,303.4314899345,18.6417966448
Palikir,15.574,202.1416000394,-41.5727465815
Mega,16.9479,323.0951667715,-1.4305165828
Meget,4.58568,107.3128020305,18.8649030458
Raga,3.434,242.423134688,-48.1022097921
Mellish,104.952,336.259,-72.6274
Memnonia Fossae,1585.28,206.1789322448,-23.6269334038
Sacra Mensa,577,291.7847815516,24.6419594503
Echus Chasma,391.095,280.038206792,2.4715965338
Mena,29.9103,341.2429653921,-32.1097039083
Dubis Vallis,45.4162,211.8716085612,-5.1576067464
Lunae Mensa,114.751,297.4994907765,23.9107829154
Arsia Chasmata,97.0571,240.6539404527,-7.4691403658
Charitum Montes,933.54,319.7078840841,-58.0970865792
Mendel,77.3204,161.2488467956,-58.783647116
Mendota,8.85932,138.3319204001,35.8276734667
Tivat,3.622,9.5303444107,-45.9270599379
Mie,100.908,139.6548467298,48.1645685972
Mila,10.8734,339.2487412895,-27.1635217519
Hyblaeus Catena,10.4857,140.6184159813,21.5967265226
Milankovi?,113.513,213.421378651,54.461664047
Milford,24.9721,318.5094336058,-52.4122820411
Tyrrhena Patera,12.6373,106.6256278494,-21.3871864093
Arimanes Rupes,192.672,212.3041865891,-9.8387439751
Millman,73.8406,210.361,-53.9497
Millochau,112.892,85.1049,-21.1894
Mirtos,6.38259,308.2444410973,22.1248461582
Mistretta,16.5646,250.8707940894,-24.6808117526
Amenthes Fossae,850,102.6843106839,9.0747639736
Mitchel,135.897,76.0076982201,-67.5260470343
Mliba,11.8512,87.9843835448,-39.607023254
Cerberus Palus,466.678,148.1451759208,5.7765491658
Stygis Catena,65.3808,150.5673284232,23.2525501639
Mohawk,17.4937,354.6486911149,42.8879818525
Mojave,57.9699,327.0136323482,7.4841053035
Phlegra Montes,1350.65,163.7142297131,40.3966730927
Molesworth,168.867,149.2704624374,-27.4951855672
Montevallo,50.4211,305.7348627876,15.2515274425
Trebia Valles,179.796,150.1209455387,32.0845335009
Morella,76.9732,308.6129767893,-9.579926296
Moreux,131.548,44.5439,41.7922
Zephyria Planum,575.107,153.7296644729,-1.0806788601
Moss,9.08501,109.487955972,19.2335150017
Murgoo,22.6434,337.5544311029,-23.6371339706
Mut,6.97276,324.2379772488,22.3562318151
Mutch,198.811,304.793,0.59543
Abalos Scopuli,109.161,283.4398460219,80.7206059719
Mädler,124.161,2.76564,-10.6538
Müller,120.515,127.8865023082,-25.7356511541
Naar,11.3372,317.8701361703,22.9137455254
Naic,8.67839,107.4393804559,24.4533174034
Lunae Planum,1817.66,294.4877479603,10.7932819906
Nain,6.88587,126.8427943463,41.4675
Never,2.75301,105.7724564143,23.5045641036
Tempe Terra,1954.94,289.3856917731,38.6877130966
Ceraunius Tholus,128.58,262.7486344883,24.0020771685
Naju,8.02912,122.856623348,44.987106608
Gigas Sulci,418.563,232.2717050527,10.0187716233
Nan,2.28649,340.0623808413,-26.6891379885
Nansen,74.627,219.5781056146,-49.918223429
Gordii Fossae,369,232.4,14.831742749
Pityusa Patera,196.506,36.8633626527,-66.8797566792
New Haven,1.51489,310.7378216012,22.0752050619
Nardo,25.1046,327.1586270165,-27.5053270165
Naukan,7.46542,329.4241099033,21.2545099033
Halex Fossae,147.245,233.9552055958,27.3460613122
Jovis Fossae,348.632,244.1740488838,19.7665021393
Navan,24.8643,336.497125007,-25.8859096116
Nazca,15.0144,93.6710091366,-31.626763705
Jovis Tholus,58.0709,242.585418834,18.203972416
Negele,36.9274,95.9968539304,-35.7997758891
Neive,2.78712,107.073927126,23.182636437
Olympus Mons,610.13,226.1974933095,18.6527588903
Nema,14.5425,307.8722176471,20.6954184874
Nepa,16.157,340.3344471894,-24.9735640529
Meroe Patera,52.5968,68.7656739534,6.9812383986
Labou Vallis,257.787,205.5761305971,-8.6277253799
Coprates Chasma,958.311,299.2615495439,-13.3653638413
New Plymouth,31.5389,175.8687859803,-15.7766107234
Horarum Mons,20.5035,323.4383715125,-51.0534754572
Newport,1.97259,311.0426203878,22.2379752082
Tanais Fossae,172.948,273.5086552016,38.7371530814
Nicholson,102.451,195.5694969929,0.2111025418
Newton,299.935,201.9711968898,-40.5020302474
Nhill,23.7037,256.6694152349,-28.6786448598
Tyrrhenus Labyrinthus,102.677,101.1154913006,-16.1816521188
Nier,46.2986,106.109,42.7876
Pavonis Mons,366.53,247.0376054502,1.4800985868
Niesten,114.807,57.7455293946,-27.9995646973
Nif,8.48391,303.7649932176,19.9057864351
Pavonis Sulci,425.802,242.6314377238,4.0135138479
Nipigon,8.89019,278.1585860446,33.7589517444
Nitro,29.339,335.9955683676,-21.2624408948
Oti Fossae,373.588,242.9104935397,-9.6303137062
Isidis Dorsa,1074.7,88.2121464372,12.923946859
Acidalia Mensa,226.861,334.65757962,46.6937656235
Njesko,27.7687,85.1085542183,-35.249817939
Noma,40.4922,335.6944430237,-25.4283903869
Noachis Terra,5519.45,354.8432544277,-50.4072338606
Nordenskiöld,85.6001,201.2407750916,-52.3663781136
Northport,18.442,305.5219699177,18.5235495887
Xanthe Chaos,34.3662,317.7831424397,11.8739526038
Nune,8.47031,321.2400530694,17.5500782956
Nutak,11.2642,329.7438122154,17.4146163619
Nepenthes Planum,1650.14,113.7920438838,14.0097495984
Albor Tholus,158.376,150.4661084519,18.8669620881
Ocampo,7.16055,138.304,32.665
Ochakov,31.0498,328.1400774569,-42.1144654252
Amazonis Sulci,250.592,216.290611184,-2.150673753
Oglala,17.5868,321.8874271041,-3.107317456
Okhotsk,1.66949,312.6672074271,22.965553218
Chryse Chaos,658.887,322.8104350094,9.8645746334
Okotoks,21.7832,84.4111340706,-21.2068809631
Olenek,3.0633,305.7842688268,19.8749311732
Simud Valles,987.992,321.9925361002,19.0866948164
Olom,5.88825,302.3405274649,22.962656407
Ome,2.85287,104.0232073345,20.5999308885
Terra Sabaea,4688.44,51.30352883,2.7188353877
Cusus Valles,250.241,50.3723543493,14.0451497108
Onon,3.41758,102.4757218221,16.1339700878
Oodnadatta,25.4393,325.826,-52.4281
Daga Vallis,49.8566,317.5790047092,-12.0703115728
Isidis Planitia,1224.58,88.3772104125,13.9356539734
Oraibi,32.3741,327.656,17.2164903255
Ore,7.14884,326.0697031294,16.7803109388
Abalos Colles,235.828,288.3501354272,76.8291436869
Tinjar Valles,400.585,124.2679006449,37.5382157712
Orinda,9.02902,126.981,45.3681605756
Orson Welles,115.992,314.0996865416,-0.1901846505
Hyperborei Cavi,92.8092,310.3026901767,79.9144654186
Tractus Catena,910.572,257.2083441497,26.9991195452
Ostrov,72.9764,331.892,-26.5463
Ottumwa,51.6213,304.2465400823,24.5837074598
Hyperboreus Labyrinthus,111.972,300.2490892027,80.2837977141
Oudemans,124.159,268.229,-9.84465
Pabo,9.18118,336.9178823368,-26.897103755
Hecates Tholus,181.572,150.2442847329,32.1195447853
Paks,6.90412,317.9551514788,-7.6641860566
Palana,4.52639,102.0236024005,21.0370710713
Olympia Undae,1507.96,178.4830253873,81.1639515136
Palos,54.8151,110.8982344089,-2.68965
Paros,34.6093,261.8686171976,21.9851
Coprates Catena,302.058,297.9126912149,-15.0039087879
Pasteur,116.149,24.6181,19.3091
Peixe,9.35281,312.4000546941,20.3266835918
Hyperborea Lingula,124.8,306.4618115613,80.3179604035
Peridier,94.2108,83.9134317922,25.5100682078
Perrotin,82.8233,282.062503481,-2.8219191699
Arsia Mons,470,239.9075280084,-8.2571493461
Peta,75.7484,350.9034484767,-21.2588275497
Pettit,92.4911,186.1337227562,12.2524
Avernus Colles,238.696,171.0221259933,-1.7339524238
Philadelphia,1.64523,312.0150440776,21.7599480661
Phillips,185.453,315.109,-66.3351
Aspledon Undae,215.205,309.6539681272,73.055572614
Phon,10.0235,102.7863741958,15.5275258042
Pica,2.40453,306.7660251024,19.8155125512
Olympia Planum,804.388,188.8100709646,82.1805305826
Scandia Cavi,663.795,209.6518067179,77.5529863155
Pickering,115.197,227.3853081248,-33.4786
Piña,5.05154,111.7415286957,18.3668573913
Scandia Colles,1521.68,220.8724000772,65.4669901079
Pinglo,15.8997,323.2441522782,-2.918259092
Piyi,11.6272,106.6290056326,-22.8763757041
Scandia Tholi,398.269,201.2802765105,73.9139455227
W. Mareotis Tholus,13.1908,272.0412745189,35.5583776425
Platte,3.42113,113.1751501168,16.0309738621
Playfair,62.2137,234.2198912635,-77.9130090663
Boreum Cavus,62.1255,339.8484635478,84.6356095419
Plum,2.75796,340.9251590753,-26.0653068208
Podor,25.0782,316.86,-44.1089
Terra Cimmeria,5855.87,147.7457847764,-32.6795298776
Pollack,96.3463,25.2565,-7.78996
Polotsk,30.1158,333.6648497625,-19.8899500792
Olympia Mensae,335.417,119.9751364845,78.0016451062
Pompeii,31.1314,300.899152365,18.9824238175
Poona,19.8665,307.6833105101,23.7578276275
Tenuis Mensa,120.919,267.0408509475,81.1272559298
Porter,103.989,246.241,-50.3619
Porth,9.51923,104.2117651332,21.1914541803
Promethei Terra,3244.3,97.0043631327,-64.3700543035
Porvoo,9.85309,319.189210162,-43.301894919
Poti,30.5515,86.5610334801,-36.310670044
Acheron Fossae,703.111,224.97620197,38.2741656336
Poynting,69.6983,247.2460106634,8.4229673341
Priestley,42.2626,130.6985218249,-54.1236316706
Arcadia Dorsa,1952.65,222.4398741239,55.8960861417
Princeton,2.16059,310.8922668074,21.6936247148
Proctor,172.558,29.7222605579,-47.6349022462
Mareotis Fossae,1907.94,283.8769373218,44.3428350083
Gordii Dorsum,481.561,215.8578148512,4.1069108922
Ptolemaeus,165.182,202.3987372338,-45.8761934151
Pulawy,51.8436,283.381,-36.4058
Cyane Fossae,913.172,238.8285787796,31.253801157
Pylos,18.938,329.9154921906,16.7902625035
Púnsk,11.2411,318.8699785818,20.6199684515
Erebus Montes,811.667,185.0228961183,35.6612617929
Qib?,4.0782,103.0880509242,17.1282085099
Quenisset,136.664,40.6717,34.2678
Tantalus Fluctus,794.342,264.3158085619,35.9263124075
Quick,13.308,310.7526554531,18.1874521025
Quines,10.7481,89.2519537616,-41.8555
Alba Fossae,2072.02,253.1751270086,49.3944607638
Pindus Mons,16.2955,271.4829992128,39.4728415386
Quorn,6.32815,326.3832979289,-5.5552626781
Rabe,106.948,34.9067367257,-43.6099
Alba Patera,65.9752,250.8242226566,39.5257919304
Radau,109.959,355.294,16.954
Rakke,18.4667,316.6371106851,-4.5679260272
Ascuris Planum,617.662,279.2235381827,40.5923360589
E. Mareotis Tholus,4.6028,274.8667093806,35.9164461128
Rana,12.3335,338.2025410206,-25.5945863265
Raub,6.94529,135.1142920006,42.3801561999
Gonnus Mons,49.3845,269.1177218814,41.2143340973
Issedon Tholus,54.5327,265.172426301,36.0546225652
Rauch,32.8955,301.8657036388,21.5598740903
Rayadurg,21.3771,102.4342149173,-18.4537049724
Ravius Valles,388.185,249.8253613797,46.1234934714
Redi,60.3092,92.7995,-60.3279
Renaudot,63.7445,62.6797039249,42.0441782139
Tanaica Montes,178.548,269.1692669018,39.5494674176
Rengo,13.6976,316.371,-43.4521
Reuyl,84.2698,166.9287387982,-9.6305711943
Hellespontus Montes,711.46,42.7598568675,-44.3682218294
Revda,26.6012,331.5017553431,-24.2791446569
Reykholt,52.1702,273.8565690783,40.4816
Tantalus Fossae,2361.86,263.9129711463,49.8345193204
Reynolds,90.6889,202.4073114263,-74.9871902421
Ribe,11.137,330.8445767778,16.4874048687
Tempe Colles,34.4877,277.4353299819,33.7498664772
Amphitrites Patera,129.796,60.867614142,-58.6961592951
Rimac,7.293,136.0610792727,44.9665541818
Rincon,13.3596,316.9936160149,-7.9953419678
Tempe Fossae,2116.24,288.5997854777,40.4185996146
Ritchey,77.2314,309.0101764491,-28.4228470104
Roddenberry,139.149,355.5747263503,-49.3749504406
Eumenides Dorsum,569.26,203.602177806,4.7920802218
Romny,5.39064,341.8315291492,-25.3952763831
Rong,8.91575,314.6511429811,22.4565856151
Alba Mons,548.023,249.2906114274,41.0820279647
Acidalia Colles,356.303,336.9114025655,50.3360427824
Rongxar,21.6305,304.5631093169,26.3308437268
Ross,82.507,252.1612879357,-57.3921475397
Elysium Rupes,140.496,148.0387969553,25.2441748285
Rossby,80.418,167.9230544214,-47.5249091839
Richardson,89,180.1357423001,-72.4705096531
Ruby,26.4283,342.9261763831,-25.2354590423
Rudaux,107.184,50.9584,38.0334
Russell,135.078,12.4324712756,-54.5047929411
Fortuna Fossae,324.278,267.3080225993,4.6433869944
Rutherford,107.083,349.4055768105,19.0323692758
Ruza,22.2522,307.285,-34.0004
Cydonia Colles,362.784,347.7791516912,39.0744409467
Rynok,8.487,121.7598780495,44.1259804876
Rypin,18.1757,319.1068659737,-1.2837532405
Abus Vallis,60.9928,212.8007299979,-5.4922633435
Acheron Catena,421.77,259.203515428,37.4739518176
Sabo,4.39164,311.0578036186,25.1725831673
Sagan,90.2571,329.3967925768,10.722985102
Cydonia Labyrinthus,344.051,347.9433712108,41.2907190888
Salaga,28.0333,308.89430803,-47.1866540947
Sandila,13.3169,329.6495661079,-25.5569169461
Cydonia Mensae,764.957,347.666710048,34.5618049791
Idaeus Fossae,202.009,308.804338258,37.3317239047
Sangar,30.3306,335.6649825805,-27.5291912903
Santa Fe,20.2963,312.0527138853,19.2823384289
Nilokeras Mensae,450.884,308.0513354729,30.4806372647
Santaca,15.8496,87.3719577017,-41.0634927873
Sarn,11.3666,305.2842775111,-77.33582364
Ortygia Colles,255.617,350.6955582237,53.9028088881
Coloe Fossae,575.894,56.7804235435,36.6500736147
Sarno,20.2879,305.8495104687,-44.3655854206
Satka,18.8049,323.064,-42.6766
Deuteronilus Colles,59.0134,21.6971119963,41.9488580327
Runa Vallis,36,323.2863523461,-28.3431716632
Sauk,3.07766,327.4427173775,-44.6664950853
Savich,179.056,96.1219,-27.4861
Hydaspis Chaos,336.041,333.0710449894,3.0874769949
Say,13.587,330.3310010583,-28.068055438
Colles Nili,653.668,62.8761839184,38.7203624523
Nilosyrtis Mensae,676.025,68.4703551794,34.7748696998
Schaeberle,158.672,50.2250000139,-24.3739999442
Alpheus Colles,633.025,61.5325620926,-39.3795314343
Semeykin,73.5132,8.7475976482,41.5145552963
Schiaparelli,458.52,16.7715637369,-2.7137844615
Schmidt,201.349,282.1040193831,-72.0661380129
Schroeter,291.593,55.9937,-1.8957
Schöner,198.965,50.6993,19.931
Sebec,63.5364,99.4085999122,-39.5004666374
Secchi,223.407,102.1534065028,-57.8354967988
Seminole,20.6389,340.8926055983,-24.1829962678
Hydraotes Chaos,419.044,324.7085309965,1.1179483707
Sevi,3.19537,103.0298210322,18.8943833159
Sfax,6.69837,316.5844931534,-7.6681262945
Deuteronilus Mensae,919.167,23.9183947365,45.1095171332
Shambe,35.5776,329.313,-20.58
Sharonov,99.9164,301.4694812248,26.9976796938
Ismeniae Fossae,286.908,38.3526373175,41.3145013956
Oxia Chaos,24.1169,320.1323625469,0.220491169
Sian,4.05995,311.996027347,19.964
Shatskiy,69.4569,345.113,-32.3566
Shawnee,16.7125,328.4886474685,22.4878979665
Ismenius Cavus,90.611,17.075019974,33.8981492414
Sibu,17.6349,340.2791576967,-23.022220329
Hesperia Dorsa,818.255,113.1555116308,-22.8014330854
Oxia Colles,595.237,333.7285841444,21.2372524153
Xanthe Dorsa,0,325.9568736543,35.8994791328
Sulci Gordii,400,234.274063555,19.0247764168
Sigli,30.299,329.188,-20.3145
Sinda,6.6656,111.279010545,15.7460573692
Protonilus Mensae,1033.97,48.8635838415,43.8694184816
Singa,13.1364,342.6654909891,-22.4349727158
Sinop,14.7236,110.6220217139,-23.2827831427
Adamas Labyrinthus,853,105.1166189096,35.7034673827
Sitka,16.8882,320.7715973751,-4.2827262331
Sklodowska,109.725,357.0460514042,33.5162084459
Astapus Colles,597,88.0803108761,35.458512697
Slipher,127.137,275.5412673672,-47.3434
Smith,74.3284,257.2689912696,-65.7629447546
Sokol,22.1835,319.3236054694,-42.3711109388
Solano,8.99866,108.9475227257,-26.7385
Cydnus Rup?s,1550.81,112.2092312376,52.5315314635
Havel Vallis,240.187,302.5441956908,0.7665405273
Somerset,3.32702,308.7446400031,-9.7337955446
Tharsis Tholus,149.305,269.3072680688,13.2540614106
Soochow,30.0567,331.1827902626,16.7257097374
Souris,2.93046,113.3139543215,19.4730039286
Tharsis Montes,2058.91,247.4165401032,1.5702643867
Biblis Tholus,168.6,235.6173190533,2.5235935264
South,101.843,21.9090254433,-76.9357260573
Spallanzani,71.6945,86.378421623,-58.0050347494
Libya Montes,1043.63,88.2283710363,1.442386138
Spry,7.66685,321.569094912,-3.6955601759
Spur,8.09262,307.7371690746,22.0151521671
Sr?pur,22.991,259.2880812139,-30.7403637828
Stege,76.4432,300.498625663,3.7548307527
Pyramus Fossae,298.183,66.3128587259,50.3947668482
Utopia Rup?s,2492.68,86.032580249,43.5326209027
Steno,103.537,244.6269422961,-67.7510901442
Stobs,12.0598,321.7007767157,-4.9557353431
Stokes,62.7355,171.291,55.6276
Ston,6.49407,122.5521202566,46.8721867094
Tractus Fossae,403.055,258.7173122822,25.8938363073
Stoney,161.368,221.489,-69.6095
Suata,23.8974,106.6669510162,-18.9066170054
Locras Valles,351.315,48.2644383958,8.8433700818
Sucre,13.5645,305.4124662255,23.688632451
Suess,71.8951,181.5145658262,-66.8831195637
Ulysses Fossae,849.943,236.9327706424,9.9474007624
Sulak,24.9996,281.3935159325,18.1708898286
Sumgin,78.6044,311.3291017791,-36.5315070989
Uranius Tholus,61.3864,262.4294229315,26.2512175486
Surt,9.84608,329.3572788489,16.8491788489
Suzhi,24.6258,86.0965589183,-27.4067470272
Galaxias Chaos,234.483,146.5183190103,33.8276285568
Swanage,18.6781,326.3251517122,26.4523758561
Sytinskaya,89.1611,306.945,42.4183
Galaxias Colles,610.338,147.4815478776,36.8021921515
S?f,9.40598,321.7757860919,16.3416
Sögel,28.4483,304.849,21.4310295714
Galaxias Fluct?s,607.03,143.0287299762,30.9565431347
Galaxius Mons,22.2254,142.3129504354,34.7634875194
Tábor,19.1143,301.6708520223,-35.4988
Tabou,7.67663,324.9602339173,-45.1036384268
Panchaia Rup?s,1113.4,129.8344906019,64.3717335032
Ascraeus Chasmata,105.198,254.3718874392,8.7653655977
Taejin,28.0633,85.6576169609,-35.2048833601
Tak,5.20957,331.3470582984,-26.0234
Ulysses Tholus,102.466,238.497249178,2.9629928078
Tala,8.51241,112.7907427195,-20.3376029122
Talsi,9.58707,310.6319819783,-41.5255
Uranius Mons,265.17,267.8497474248,26.8983861985
Tame,13.8035,252.0113499234,-22.7250300153
Turma,6.68036,108.1129104197,17.3068
Tuscaloosa,59.6648,28.7339329679,-0.023919506
Tuskegee,62.8796,323.911,-2.80333
Elysium Mons,401,147.2137579498,25.0231681177
Labeatis Mensa,124.674,285.5337773639,25.5042099052
Tyndall,83.0494,169.9732526087,39.7329505217
Oenotria Plana,61.2531,76.6395369093,-8.1424533435
Aesacus Dorsum,276.689,153.1470762841,36.8177232404
Ganges Chasma,574.075,312.1148977708,-7.9551538522
Teviot Vallis,143.888,102.2629425593,-43.3657633448
Lipany,50.1,79.6693591922,-0.2190197364
Firsoff,90,350.6254592688,2.7345347751
Canala,12,279.9235842222,24.3541626086
Noord,7.8,348.7333577219,-19.2721369015
Resen,7.4,108.8679028311,-27.9370716709
Dogana,41.2,306.3341640814,-10.010497824
Zarqa Valles,21.3661,80.5900585101,0.3201455141
Arabia Terra,4851.74,5.7185305149,21.248960125
Melas Chasma,563.522,287.4612535668,-10.5177626633
Abalos Undae,442.744,272.5007457487,78.5167242643
Chasma Boreale,459.883,312.3596578692,82.5412438187
Abalos Mensa,129.183,284.3959217569,81.1698929666
Rubicon Valles,308.209,242.4827125629,44.4074983328
Syrtis Major Planum,1214.86,67.1029560221,9.2006767001
Ius Chasma,839.909,275.610923691,-7.2894020538
McMurdo,26.8979,0.5877218658,-84.383468124
Hyperboreae Undae,463.646,310.5144762969,79.9649738817
Candor Sulci,73.365,283.1516799966,-4.917401045
Biblis Patera,53.6451,236.1822976967,2.3557660725
Chryse Planitia,1542.44,319.6926996169,28.433255405
Arena Colles,580.125,82.9305302947,24.6276063882
Louros Valles,516.136,278.2254256058,-8.4100260745
Alba Catena,144.861,245.4226204031,35.0444200463
Elysium Catena,48.5007,149.7251641061,17.6861437144
Munda Vallis,9.13224,213.8288656138,-5.3680990225
Nanedi Valles,550,311.3837283547,5.0486672244
Hesperia Planum,1601.73,109.8940005848,-21.4226312882
Subur Vallis,26.1969,306.8539146064,11.6336866262
Ulyxis Rupes,383.088,160.0181435604,-68.7759593641
Vistula Valles,193,308.0340344564,13.4055283673
Olympia Cavi,342.783,182.2288439604,85.0564209302
Lycus Sulci,1350.61,215.5298570653,28.1404434289
Pavonis Fossae,156.081,248.7144382561,4.1485764035
Ascraeus Mensa,34.8602,252.1083787457,11.7246091396
Ascraeus Mons,456.396,255.9191653856,11.9216210787
Ascraeus Sulci,138.697,251.2461734831,12.0608548787
Ceraunius Fossae,1166.63,249.8521894425,27.0036649957
Cyane Sulci,335.937,231.3410230693,25.4033239326
Ulysses Patera,57.8627,238.57933474,2.9462314649
Nili Fossae,727.906,76.6948283808,22.0181549646
Uranius Fossae,394.115,269.8704756459,25.288278777
Uranius Patera,114,267.1959824716,26.3168382779
Nia Tholus,34.007,285.0523992014,-6.586551353
Echus Chaos,480.512,285.280977169,10.7879103705
Echus Fossae,421.031,283.2535337264,2.6111651008
Nili Patera,67.5145,67.1673307204,8.9688231209
Echus Montes,397.061,282.0499892402,7.8145385157
Nilokeras Fossa,267,302.1714546558,24.5946096098
Ister Chaos,109.102,303.4370968522,12.9535927076
Labeatis Fossae,1496.36,275.4719457551,24.5762322304
Nilus Chaos,283,283.0452666561,25.3871487171
Nilus Mensae,206.836,287.7729045866,22.2001859698
Xanthe Montes,499.32,305.081838722,18.1319883707
Chryse Colles,48.659,318.1359117066,8.1506972295
Sacra Dorsa,1416,293.9142857006,11.2146310313
Elysium Planitia,3000.79,154.7372302712,2.9790346316
Rahway Valles,346.195,173.5843011074,8.4648278519
Sacra Fossae,950,289.9990806629,20.3611162468
Sacra Sulci,1009.05,285.3,22.1626629539
Tempe Mensa,55.3925,288.4094803217,27.9357403063
Xanthe Terra,1867.65,311.9465553286,1.5955519821
Hyblaeus Dorsa,887.533,130.3231505254,13.1628766304
Memnonia Sulci,452.661,184.1730534417,-7.1611812934
Zephyrus Fossae,306.188,144.1886524595,23.9280746715
Aram Chaos,283.811,337.6084249622,2.5232719439
Amenthes Planum,0,105.9209821288,3.4035885208
Granicus Valles,777.776,129.9708675465,30.576475073
Hephaestus Fossae,633.319,122.8470224351,20.8357638259
Nepenthes Mensae,2176.23,119.420639493,9.1921840221
Artynia Catena,279.279,240.5487164881,47.6923849124
Amenthes Cavi,1330.5,114.5200710649,16.230955994
Tyrrhenus Mons,269.768,105.8809294078,-21.6299404704
Candor Chaos,0,287.4150273006,-6.9366721813
Dorsa Brevia,650.994,63.1805324483,-71.0470994951
Hibes Montes,140,171.3428866572,3.7908500658
Amazonis Mensa,414.044,213.0956700623,-1.9775642214
Tinia Valles,17.8338,211.1156366583,-4.6121313392
Hyblaeus Chasma,56.6103,141.2615127134,21.9755218786
Medusae Fossae,278.521,195.8043713879,-2.166284249
Asopus Vallis,40.8178,210.3864871022,-4.2946366051
Orcus Patera,387.636,178.353832103,14.1332384787
Tartarus Montes,1086.46,167.5435057587,15.4593185429
Cerberus Tholi,698,164.4139842961,4.4814931132
Hyblaeus Fossae,375,137.0556629428,21.4376510585
Medusae Sulci,191.52,200.2971069283,-5.0422899166
Protva Valles,259.711,299.4222831729,-29.1054089023
Daedalia Planum,1922.02,234.0505131052,-18.3476631552
Ganges Catena,81.2674,291.2185890427,-2.7000203705
Noctis Fossae,712.728,261.1518264602,-2.6934399701
Candor Labes,134.938,284.0050893752,-4.790693355
Noctis Labyrinthus,1190.31,258.8111332896,-6.3624833923
Styx Dorsum,90.669,151.8573448305,30.8149232094
Syria Planum,735.743,256.099769896,-12.088343471
Syria Mons,73.4697,255.7285104447,-13.8804173878
Aurorae Planum,564.486,311.3783078473,-10.4129204194
Baetis Chasma,92.2081,295.1296259502,-4.2851004268
Surinda Valles,80.0663,324.8853276495,-28.8000538154
Aureum Chaos,351.026,333.0366153454,-3.8947226672
Thaumasia Planum,799.6,294.7764199441,-21.6566153076
Aromatum Chaos,72.798,317.0303470666,-1.030227015
Baetis Mensa,181.102,287.5479343052,-5.1662905783
Candor Mensa,116.564,286.4778788755,-6.264334222
Ganges Cavus,43.1062,308.5536872276,-10.0916909246
Zephyria Mensae,333.605,171.9818537216,-11.6239427722
Capri Mensa,282.35,312.8120473715,-13.7303584635
Ceti Chasma,49.773,291.6283102272,-5.0277780752
Coprates Labes,61.974,292.2097754071,-11.8202770718
Tyrrhena Terra,2470.14,88.8357066953,-11.8989720629
Ultima Lingula,551.281,142.5627974052,-76.3218803252
Eos Chaos,497.849,313.4779560456,-16.818314278
Felis Dorsa,244,294.1,-21.8651888248
Ganges Mensa,135.902,311.2469163415,-7.2251988987
Melas Dorsa,486.81,287.9039634009,-18.9187261835
Sinai Dorsa,456.539,281.0755418194,-12.7714806413
Melas Fossae,568.181,288.4779911632,-26.2829871005
Geryon Montes,377.828,278.3836765444,-7.7235370142
Gigas Fossae,190,230.4360847765,3.5508236028
Hebes Chasma,316.74,283.9410296529,-1.074524061
Ganges Chaos,113.734,313.9598701937,-9.7610693331
Melas Labes,107.239,288.2964114621,-8.5317607995
Hebes Mensa,112.459,283.2238335107,-1.0154408829
Hydrae Chasma,55.1754,297.9929617967,-6.7506847024
Ius Labes,61.1806,281.5374992708,-7.4736475692
Tithoniae Fossae,838,276.9611368004,-4.3197709305
Tithonium Chasma,802.776,275.7106139885,-4.6045508151
Valles Marineris,3761.28,301.4123258975,-14.0058685732
Tyrrhena Dorsa,779.401,115.7221821659,-24.1994101386
Juventae Chasma,304.987,298.6130023773,-3.3661980882
Vichada Valles,438.315,88.1348492666,-19.8708817083
Juventae Dorsa,481.406,288.981692754,0.3884589687
Nectaris Fossae,623.072,302.8432389597,-23.0850419962
Nia Fossae,379.556,288.2254931418,-14.7331053245
Ophir Cavus,36.717,304.959869048,-9.8859929763
Baetis Chaos,66.6615,299.6008301633,-0.1670682466
Ophir Chasma,314.711,287.6483540257,-4.0031336191
Ophir Labes,92.5259,291.7210693066,-11.0105435561
Ophir Planum,642.238,302.1799401496,-8.4547699841
Anseris Mons,52.5138,86.6524620983,-29.8050052055
Tagus Valles,144.585,114.5362532808,-6.67563078
Sinai Planum,901.444,272.2383312696,-13.7204906233
Solis Dorsa,779.497,280.2551640522,-22.8763682633
Solis Planum,1811.23,270.3330959272,-26.3993926104
Margaritifer Terra,2733.22,335.0776888767,-1.8496613167
Arsinoes Chaos,200.084,332.0840187281,-7.6574460932
Iamuna Chaos,21.7185,319.3896491702,-0.2824665083
Aurorae Chaos,713.916,325.1850591687,-8.4693430783
Capri Chasma,1471.56,317.9340599218,-8.2737478483
Apollinaris Tholus,32.3923,175.7517863305,-17.6376767206
Eos Chasma,1305.69,320.8262957032,-12.147171069
Eos Mensa,346.67,317.8391162633,-11.0089653504
Aeolis Mensae,785.089,140.6307067132,-3.2531649089
Apollinaris Sulci,188.636,177.4662891442,-11.0641697602
Gorgonum Chaos,150.708,189.0977354528,-37.2621132359
Icaria Planum,566.588,253.9644201334,-43.2703037463
Iani Chaos,450.508,342.9580021944,-2.1920548821
Cerberus Dorsa,623.051,105.2907767015,-13.7395885217
Margaritifer Chaos,383.67,338.2953500024,-9.301547036
Avernus Dorsa,296.593,170.9004162214,-6.0320393873
Pyrrhae Chaos,162.353,331.6006486446,-10.4609253765
Columbia Valles,84.8203,317.0985269267,-9.4390824781
Erythraeum Chaos,147.626,347.6223748202,-21.844721973
Apollinaris Patera,89.6013,174.1825482897,-8.57434466
Brazos Valles,387.506,18.7032136738,-6.0790584082
Liris Valles,596.239,58.246555689,-10.4952064903
Tisia Valles,384.049,46.7154589262,-10.7547028003
Peraea Cavus,56.2369,95.4277136875,-29.6066949049
Icaria Fossae,2115.45,234.8383015711,-48.088765995
Avernus Cavi,115,172.5190863786,-3.7172587865
Bosporos Planum,729.581,295.5063354501,-33.8721859274
Zephyria Tholus,35.9486,172.9219552799,-19.7457906938
Aeolis Planum,852.807,144.7647776586,-1.1366103934
Oceanidum Mons,33.395,318.7741117388,-54.9259994179
Apollinaris Mons,275.395,174.7929738768,-9.1712060844
Atlantis Chaos,181.368,182.6909576047,-34.2757260325
Oltis Valles,169.298,338.3528871366,-23.5016811314
Chalce Montes,100,322.3475287331,-53.7233786681
Aonia Planum,563.452,281.3255262834,-57.8975138104
Peneus Patera,128.504,52.6453290264,-57.8165648351
Claritas Fossae,2030.64,255.7622502329,-27.8873433447
Coracis Fossae,748.958,279.1370198098,-35.815915575
Thaumasia Fossae,996.182,268.9509877643,-47.7503333
Argyre Cavi,72.3277,319.8783731716,-48.307005073
Argyre Planitia,892.933,316.6901956502,-49.8405840423
Malea Patera,241.606,51.585521543,-63.542783189
Nereidum Montes,1142.58,316.7887009608,-37.5731855597
Octantis Cavi,71.214,314.0301098933,-52.5724110814
Octantis Mons,19.0859,317.1474986009,-55.2588108285
Ausonia Cavus,49.4975,96.5535743481,-31.9200932747
Ausonia Mensa,102.515,97.7203027183,-30.0155799735
Axius Valles,435.946,70.7246676389,-54.5264988845
Hadriacus Mons,450,91.8567487269,-31.293810076
Deva Vallis,53.6516,203.1337689538,-7.6743236399
Drava Valles,159.03,165.9868704505,-48.8641534044
Roddy,85.821,320.6112670898,-21.6458129883
Luba,38.327,323.0035400389,-18.2558441162
Eridania Scopulus,1017.66,141.7941335804,-52.6126628319
Planum Chronium,576.378,139.4977835337,-59.1361527581
Centauri Montes,271,95.5218589698,-38.6712414717
Kalba,14.148,154.8325195307,-5.8852386474
Hellas Montes,159.649,97.608741636,-37.6340652123
Hellas Planitia,2299.16,70.5025021571,-42.4301112097
Peraea Mons,14.9404,86.1143667341,-31.0781736582
Argentea Planum,1370.64,298.3344850175,-72.4944204171
Parva Planum,1027.32,264.9290355851,-73.6688800935
Muara,3.826,340.6861727897,24.3213272312
Gunjur,26.848,146.6630859375,-0.1689147949
Australe Scopuli,504.578,247.0623240588,-83.4768463672
Neves,22.134,151.3076934816,-3.3927154541
Obock,14.451,150.5275268555,-2.0074081421
Quthing,15.587,149.2855911255,0.39894104
Wafra,30.195,148.5390014648,4.2469024658
Tarrafal,4.893,340.8171844585,24.2643356331
Dorsa Argentea,339.264,326.6128267806,-77.628481037
Asau,25.05,154.6804962159,-3.6302947998
Farah Vallis,76.373,136.7959899902,-6.0301208496
Ariadnes Colles,188.006,172.7753745394,-34.4978489873
Australe Lingula,436.331,68.5593494428,-84.0526743142
Chronius Mons,56.1438,178.0124142594,-61.4934714747
Eridania Planitia,1062.13,122.2144955501,-38.1485413904
Promethei Planum,831.285,88.3601695805,-79.1841219144
Australe Montes,411.672,14.0517765909,-80.1866439148
Avernus Rupes,223.32,172.7956807119,-9.1954261783
Promethei Lingula,571.627,119.8919502657,-82.7969495062
Australe Sulci,357.908,133.0619726816,-84.9859087051
Thyles Montes,380,126.537878181,-69.8798103212
Claritas Rupes,952.875,254.7393198383,-25.0369590956
Cavi Angusti,640.037,285.2526810134,-78.1635962852
Chasma Australe,352.608,95.0315013673,-82.3546376684
Planum Angustum,206.41,276.797508252,-79.800743296
Promethei Chasma,295.28,141.3854771917,-82.6639733884
Sirenum Fossae,2731.21,197.2618207405,-35.5738966355
Euripus Mons,88.9135,105.183490612,-44.8229879898
Ultimum Chasma,322.088,151.3677334986,-81.0971817
Sisyphi Montes,200,13.0796743711,-69.6535245717
Angustus Labyrinthus,67.5236,296.6099499535,-81.6217952136
Sisyphi Tholus,27.5234,341.4671956879,-75.6848667353
Terra Sirenum,3635.18,205.8478870111,-39.4945913028
Coronae Montes,247.396,86.1094138194,-34.3094172937
Hellas Chaos,590.623,64.4080844457,-47.1212045941
Phlegra Dorsa,2818.61,170.3715478495,25.0830773393
Tartarus Colles,1672.69,175.188977387,21.2449774128
Lucus Planum,899.868,182.8345907448,-4.9935978809
Ladon Valles,244.595,331.3915544974,-22.4321622536
Ogygis Rupes,184.231,305.4739129892,-33.0279089332
Aonia Terra,3873.48,262.9547226845,-60.203398554
Albor Fossae,155,150.7760660484,18.0891256354
Issedon Paterae,5.31057,269.7479591168,38.1261345434
Labeatis Mons,42.7801,284.1442597281,37.4823967986
Elysium Chasma,130,141.5142086528,22.3851735846
Tigre Valles,102.819,322.9090037088,-12.0200050825
Warrego Valles,205.08,267.8519558934,-41.838514747
Waikato Vallis,228.033,113.7799385034,-33.3255056712
Chalcoporos Rup?s,404.984,20.5658889806,-55.6382441397
Pityusa Rupes,430.14,28.3196865516,-63.9551603519
Bashkaus Valles,246.925,356.7364757416,-25.6775998437
Paraná Valles,329.13,350.204761472,-23.1889579206
Planum Boreum,354.635,54.9585018896,87.3236200322
Arda Valles,173.674,327.6872156048,-20.4029759893
Uranius Dorsum,542.083,284.9561670251,23.79326281
Morava Valles,364.097,335.7958764879,-13.5669047139
Chico Valles,446.354,207.7676998711,-66.7687717143
Cerberus Fossae,1235,166.373829362,11.2766110935
Aganippe Fossa,537.163,233.9973320941,-8.4885248339
Bahram Vallis,269.68,302.8561484024,20.4215025213
Baphyras Catena,95.525,275.8417078885,38.8300593904
Bosporos Rupes,531.421,302.4463609873,-42.7446762153
Charybdis Scopulus,551.259,20.0762402467,-24.1412248451
Buvinda Vallis,134.172,151.9640801615,33.1682559067
Calydon Fossa,351.246,272.0184042977,-7.4340994383
Ceraunius Catena,50.489,251.9053423599,37.1004541434
Chalce Fossa,33.9728,320.412832667,-51.6654156619
Charis Dorsum,251,318.5336837839,-55.8626565524
Hrad Vallis,974.397,135.913129479,38.1680994382
Huo Hsing Vallis,332.305,66.6051565565,30.1874198124
Hegemone Dorsum,143.633,315.096600165,-54.7205215917
Her Desher Vallis,117.29,312.0663269745,-25.0750739238
Hermus Vallis,53.3168,212.1936908506,-5.3164650716
Himera Valles,175,337.3432751826,-21.5400053313
Gringauz,71.016,324.2963562013,-20.6735229492
Al-Qahira Vallis,600,162.4072628708,-18.2332798247
Hadriacus Palus,176.33,77.2969339049,-27.2473133456
Hypanis Valles,220,313.5842995461,9.4626750698
Hypsas Vallis,36.4656,57.9865549662,33.6319054219
Iberus Vallis,87.2576,152.0720776994,21.2483205946
Clanis Valles,58,58.4661537573,33.2401597507
Micoud,51.846,16.3382501332,50.5632397461
Indus Vallis,342,38.8776533338,18.9491235676
Isara Valles,5.35893,213.5840126819,-5.3060377496
Termes Vallis,55.6013,202.9946580256,-11.1106083878
Ituxi Vallis,123.069,153.3186111931,25.4483555504
Mawrth Vallis,634.634,343.0273770675,22.4304380729
Grjótá Valles,343.767,166.3798253557,15.3767572989
Allegheny Vallis,171.08,306.102826298,-9.0070328871
Amenthes Rupes,335.248,110.6759095306,1.5093445002
Arena Dorsum,372.026,68.9370039558,12.7060056599
Kasei Valles,1580,297.1216020955,25.1356634933
Labeatis Catenae,220.6,266.8291306911,19.4878736489
Anio Valles,54,55.8861615266,37.7507738632
Apsus Vallis,121.556,134.9912624647,34.9112193017
Ares Vallis,1757.67,334.3916572941,10.2924498872
Arnus Vallis,311.606,70.614914839,13.9671801055
Athabasca Valles,270,155.0128969741,8.5357627252
Auqakuh Vallis,347,60.4077845771,30.2461369937
Auxo Dorsum,82.0497,318.2433602493,-55.7177193056
Clasia Vallis,147,57.0354933172,33.7732657889
Cleia Dorsum,131.694,314.0127525144,-54.8625417843
Clota Vallis,114.364,339.4977132502,-25.5913396744
Nestus Valles,38.2549,201.5239220855,-7.0283173353
Coogoon Valles,300,338.2608728473,17.188766919
Coronae Scopulus,245.236,64.9436057693,-33.255945796
Cyane Catena,204.064,241.6967448739,36.2544205358
Dao Vallis,794.003,88.8867503914,-37.6125758279
Enipeus Vallis,527.069,267.2021158396,36.7964197737
Dittaino Valles,157.417,293.1367837345,-1.4280398887
Doanus Vallis,139.905,334.4097095675,-63.0243970957
Drilon Vallis,118.528,307.6640376332,7.1716886951
Durius Valles,240,171.9763300804,-17.3008295364
Dzigai Vallis,327.308,323.4072067244,-58.1016945388
Elysium Fossae,1044,146.142760354,24.0760215873
Erythraea Fossa,155.19,329.0573232834,-27.2704177425
Evros Vallis,358.007,13.8265152156,-12.6545076953
Frento Vallis,251.087,345.1616723204,-50.028525887
Galaxias Fossae,552,142.0008311109,36.6336442642
Uzboi Vallis,353.525,323.0193524452,-29.4643269197
Harmakhis Vallis,526.658,90.0638077977,-40.9776009862
Hebrus Valles,325,126.7386937543,19.8793277452
Licus Vallis,240,126.3518749041,-3.0498897231
Phison Rupes,203.072,50.3472422593,26.7032081109
Lobo Vallis,80,298.8343402076,26.8202416227
Loire Valles,790,342.9701235989,-17.6927304055
Mad Vallis,537.369,76.4676458444,-56.2728501346
Mosa Vallis,191.6,22.2043820516,-15.0915058622
Naktong Vallis,669.63,33.3931507366,4.8873537293
Morpheos Rupes,404.148,125.5765012185,-35.9997102355
Maja Valles,1515,301.6200707447,10.2270172527
Mamers Valles,1020,17.9437321691,40.6536955739
Tartarus Scopulus,251.309,177.2526750153,-4.2304554399
Nia Vallis,140,325.1925810237,-53.5278488787
Mangala Valles,900,208.6078780432,-11.3247385355
Marte Vallis,231.426,182.9041505486,14.0769064875
Matrona Vallis,61.2815,176.1901132876,-7.6596027754
Maumee Valles,390,307.1468520114,19.5069610662
Ma'adim Vallis,913.113,177.5021029451,-21.9807852485
Minio Vallis,90,208.3283967857,-4.3796967596
Naro Vallis,442.718,60.711548489,-3.9969821084
Niger Vallis,360,92.5681679973,-34.9594921468
Stura Vallis,75,142.4657057999,22.7091704344
Nilokeras Scopulus,901.477,304.1480901725,31.7153215296
Padus Vallis,57.4244,210.0236220241,-4.5227342726
Nirgal Vallis,610,318.3152436947,-28.1596195649
Oceanidum Fossa,167.159,330.4885715901,-61.5796872478
Varus Valles,90.1214,204.0058390952,-8.5735289182
Sabis Vallis,212.906,207.4924819254,-5.0130361606
Ochus Valles,127,314.956771524,7.067437276
Olympica Fossae,420,246.0780898038,24.8531044103
Phlegethon Catena,399.685,256.7238148802,38.8251488597
Stygis Fossae,385,149.8335674117,26.9152877138
Osuga Valles,164,321.4091324582,-15.3075307545
Pallacopas Vallis,134.774,339.5234684902,-54.7337185466
Pasithea Dorsum,282.199,318.423127366,-55.1380675044
Patapsco Vallis,172.874,152.5067844283,23.7043807417
Phaenna Dorsum,164.165,316.70802092,-53.7868965125
Promethei Rupes,1379.21,90.2434403743,-75.5416383456
Ravi Vallis,148.784,319.5179778201,-0.4187556821
Reull Vallis,1051.94,104.9523981621,-42.1448881058
Rhabon Valles,245,268.7283485922,21.2109683779
Taus Vallis,10.3985,211.681860976,-4.8485787927
Sabrina Vallis,280,310.9579817532,10.9922323357
Walla Walla Vallis,22.986,305.5387244586,-9.8812424082
Silinka Vallis,150.933,331.9465168126,9.1306384761
Samara Valles,661.84,341.2709399279,-24.1682068887
Lethe Vallis,236.652,154.9678059905,3.1572137569
Scamander Vallis,269,28.5327651276,15.8911661093
Scylla Scopulus,476.907,18.3372102258,-25.2199378322
Senus Vallis,22.1818,213.0398534189,-5.2345035626
Sepik Vallis,58.9996,294.267494464,-1.005258047
Shalbatana Vallis,1029,317.9101034552,7.327009973
Nilus Dorsa,292.901,280.9354723909,20.6826847427
Surius Vallis,30.7613,311.2756922777,-61.2041546026
Tader Valles,200,207.7007917439,-48.784280997
Tartarus Rupes,97.4555,175.714401387,-6.5017883605
Tinto Vallis,191.972,111.4951747875,-3.9688692526
Tithoniae Catenae,562,278.1756122233,-5.49566187
Vedra Valles,118,304.5165263616,19.1192235461
Verde Vallis,133,29.8796737708,-0.5012544571
Xanthe Scopulus,59.4775,307.4927440975,19.3755149806
Mangala Fossa,695,214.116322781,-17.2739916009
Iamuna Dorsa,38.1822,309.6003218561,20.9708785227
Tiu Valles,1720,325.1381601911,16.2262435767
Rupes Tenuis,669.026,274.530585586,81.5952050343
Tyras Vallis,99.129,309.8454050051,8.3297827013
Tyrrhena Fossae,305.547,105.7981377217,-22.2304883514
Olympus Rupes,1914.77,226.4354853954,18.4019641753
Olympia Rup?s,1197.04,174.1646078423,86.0385900596
Marikh Vallis,1147.22,4.3190732164,-19.1583237372
Sungari Vallis,344.819,88.5012775994,-40.3284280765
Ophir Catenae,509,300.6,-9.46
Elaver Vallis,178.919,310.4764255629,-9.3846243848
Ultimi Scopuli,560.466,179.044779215,-77.8790893847
Boreales Scopuli,1.12554,269.8425814565,88.8766626043
Corozal,8.334,159.4226414565,-38.78858307
Sisyphi Cavi,423.632,353.7012337078,-72.2009168757
Oenotria Scopuli,1425,77.11,-6.62
Davies,48.0635,0.0906941332,45.9607446369
Majuro,43.431,84.3327569691,-33.2583459472
Newcomb,254.132,1.0437769169,-24.2738337081
Airy-0,0.78573,0.0014039034,-5.0743013471
Sinai Fossae,589.154,281.3315583231,-14.0816300012
Baucau,17.936,304.8960113459,-28.3694458002
Arima,53.587,296.3226928708,-15.8422851562
Domoni,13.825,234.3902893121,51.3844299328
Keren,28.631,337.5028839119,20.9845733643
Cayon,27.31,113.6162109374,-35.9259796142
Amazonis Planitia,2809.04,197.0871517995,25.7461380594
Moanda,38.881,320.0522003191,-35.92666626
Lederberg,87.249,314.0826416015,13.0078125
Arcadia Planitia,1871.97,184.3109015789,47.1912405542
Peace Vallis,35.236,137.2273406982,-4.2057037354
Fancy,49.438,113.601928711,-35.4501342773
Aeolis Serpens,538.553,149.5678710938,-1.3842773438
Yellowknife,0.12,137.44,-4.58
Candor Colles,37.38,284.433735285,-6.6331372776
Ceti Labes,11.05,284.2669163746,-6.7776099002
Euphrates Patera,20.268,10.2602114083,38.4296766425
Siloe Patera,39.082,6.5493883526,35.3039779697
Eden Patera,80,348.9425682232,33.769227891
Ismenia Patera,82,1.7994256303,38.5509633123
Oxus Cavus,37.874,359.4827141628,37.4091114143
Oxus Patera,33.418,359.6575642331,38.9739200382
Utopia Planitia,3560.45,117.5168478393,46.7362849935
Ulysses Colles,84.812,236.9133080544,6.1414999287
Aeolis Dorsa,459.165,152.6345161349,-5.0465164724
Argyre Mons,60.58,311.9060565419,-50.3689759151
Nili Tholus,7.001,67.3496453937,9.1483130717
Magong,46.56,313.3135986326,11.8885803223
Ceti Mensa,133.951,283.9779699089,-5.8938754919
Atrax Fossa,34.423,271.0226898194,38.189163208
Aram Dorsum,83.312,348.7627716064,7.798576355
Sisyphi Planum,1032.87,6.4134980879,-69.6416667827
Istok,4.815,274.1840057858,-45.1002502521
Bree,28.794,149.628021241,37.6364135744
Kotka,39.447,169.876373291,19.252166748
Caralis Chaos,103.352,178.6048188509,-37.2003831474
López,85,98.0441894532,-14.5678710938
Napo Vallis,87.5,78.0256576538,-25.9689331055
Hadriacus Cavi,59.086,78.0476990526,-27.2453560836
Huallaga Vallis,92.5,79.0746459961,-26.6665649414
Auce,37.01,80.1438903808,-27.1650695801
Hydrae Chaos,66,300.0261831605,-5.9023448684
Pital,41.7,297.7152099614,-9.2697143555
Esira,16.256,313.3922195422,8.9566040039
Garni,2.572,290.3108367832,-11.5157318112
Dulce Vallis,32.464,136.5394592285,-4.8185348511
Rauna,2.534,327.9158016302,35.2589034635
Coprates Montes,350,294.6091632499,-13.0007004312
Nectaris Montes,220,305.352356182,-14.6384933289
Moni,5.436,18.7661590576,-47.0098114014
Hunten,82.439,23.6914672852,-39.1772460938
Choyr,36.417,18.7215270996,-32.428894043
Moa Valles,265,305.3004455567,35.6204223633
Greeley,457.455,3.9177246094,-36.7932128906
Badwater,33.143,62.1438903809,-32.7941894531
Ogygis Undae,87.7,293.7888507626,-49.661603586
Syria Colles,630,259.2685941005,-13.461450547
Juventae Mensa,116,294.3744640699,-7.9299580637
Talas,30,75.3730773927,-35.6657409668
Nia Mensa,95,292.6848338349,-7.7218538252
Navua Valles,500,82.6837820593,-33.9350556659
Hellas Chasma,148,65.4659966964,-34.6372354717
Peneus Palus,870,56.7105891217,-35.0558024445
Coronae Planum,265,65.4092421635,-32.6822134592
K?r?n Valles,64,174.099174966,-35.9400399344
Auki,40,96.8749694824,-15.7626342773
Negril,52,69.4330444336,20.1928710938
Cardona,13.7,328.0155029294,-19.646987915
Bradbury,63.2,85.7955322266,2.5817871094
Coprates Mensa,240,288.8364796684,-12.2003932673
Prao,20,56.6051330566,-11.1641693115
Ius Mensa,160,284.6821001271,-8.6026290958
Melas Mensa,245,285.8478328874,-10.7232288789
Catota,1.3,333.0249227828,51.6680141465
Dunkassa,8,222.9381408552,-37.4935913062
Hiddekel Cavus,23.3,16.24,29.43
Selevac,7.303,228.9329681264,-37.3905944803
Echus Palus,715,282.73,12.29
Talu,10,20.0872650146,-40.3548431395
Langtang,9.8,224.04,-38.12
Bunnik,29,217.9,-38.07
Nqutu,21,169.55,-38.04
Cilaos,21.4,129.4826855469,-35.7137329102
Murray,92,28.0629272461,-23.293762207
Degana,57,314.5042419428,-23.7249755859
Pyrrhae Fossae,430,336.2,-29.2
Mambali,31,27.0258178711,-23.5121154785
Baum,62,28.30078125,-24.7192382813
Nybyen,6.2,343.3438338082,-37.0246124143
Flateyri,9.5,330.9228973558,-35.8648681659
Taltal,10,234.210113524,-39.5082092283
Simois Colles,86.941,183.4082518653,-37.7188750966
Zephyria Fluctus,42,155.5254166593,0.7193750283
Dollfus,363.084,355.7373046875,-21.5881347656
Sitrah,33.091,217.7152404778,-59.0913391111
Betio,32.441,281.350799561,-23.1344604493
Halba,31.411,303.864669799,-26.0115051269
Ophir Mensa,103.331,286.5092084668,-3.9945163276
Gan,20.63,229.0030059806,61.7177581785
Byala,26.23,293.5318908689,-25.7341003418
Hydraotes Colles,47.5,326.3212675134,-0.0203993148
Juventae Cavi,94.4,301.8404424753,-3.9089340744
Hydrae Cavus,64.5,298.6923500785,-7.9252285581
Krupac,10,86.0071563722,-7.7917098999
Avan,3.3,290.2308425358,-10.97225189
Andapa,11,355.2716903657,-5.3318023681
Ubud,27,341.6783670971,-10.6304378389
Ruhea,9.5,173.0783386333,-43.2607269313
